{
  "run_id": "20260525_122259__baseline__a00c977__smoke",
  "stage": "baseline",
  "git_commit": "a00c977a6ec14bc68d1b7e38c1047ea7efeaa317",
  "change_note": "Post-fix smoke: latency on, goal-complete tightened, phrase bank cleaned, scenarios regenerated",
  "timestamp": "2026-05-25T12:31:36.392733Z",
  "scenario_count": 14,
  "record_count": 14,
  "booking_completion_rate": 0.7142857142857143,
  "median_turns": 4.5,
  "median_efficiency_ratio": 2.416666666666667,
  "faithful_rate": 1.0,
  "mean_total_simulated_latency_ms": 7397.050517478335,
  "mean_parse_accuracy": 0.4166666666666667,
  "turn_counts": [
    2,
    2,
    4,
    12,
    4,
    4,
    5,
    12,
    7,
    10,
    7,
    6,
    2,
    2
  ],
  "efficiency_ratios": [
    1.0,
    1.0,
    3.0,
    24.0,
    1.5,
    1.0,
    1.5,
    12.0,
    2.3333333333333335,
    3.0,
    4.5,
    2.5
  ],
  "simulated_latencies_ms": [
    2140.3488272059576,
    2084.197112032748,
    4246.997838205295,
    22775.130792065363,
    4111.036353115934,
    3552.777466412637,
    6410.071534162908,
    22310.40644988909,
    8769.563736685108,
    10221.172205523335,
    10392.242787100378,
    6544.762142297935,
    0.0,
    0.0
  ],
  "parse_accuracy_scores": [
    0.5,
    1.0,
    0.5,
    0.0,
    1.0,
    0.5,
    1.0,
    0.0,
    0.0,
    0.5,
    0.0,
    0.0
  ],
  "slots_presented_flat": [
    2,
    2,
    2,
    2,
    0,
    0,
    4,
    2,
    0,
    0,
    0,
    0,
    0,
    0,
    0,
    0,
    0,
    0,
    0,
    0,
    0,
    0,
    2,
    2,
    0,
    0,
    3,
    1,
    0,
    2,
    2,
    2,
    2,
    1,
    2,
    2,
    0,
    0,
    2,
    0,
    2,
    0,
    0,
    0,
    0,
    0,
    0,
    0,
    0,
    0,
    2,
    2,
    0,
    0,
    3,
    0,
    0,
    2,
    2,
    0,
    2,
    2,
    0,
    0,
    0,
    0,
    0,
    4,
    2,
    0,
    0,
    0,
    0,
    2,
    2,
    0,
    0,
    0,
    0
  ],
  "per_tier": [
    {
      "tier": 1,
      "scenario_count": 2,
      "booking_completion_rate": 1.0,
      "median_turns": 2.0,
      "median_efficiency_ratio": 1.0,
      "faithful_rate": 1.0,
      "mean_parse_accuracy": 0.75,
      "mean_simulated_latency_ms": 2112.272969619353,
      "mean_dead_end_turns": 0
    },
    {
      "tier": 2,
      "scenario_count": 2,
      "booking_completion_rate": 0.5,
      "median_turns": 8.0,
      "median_efficiency_ratio": 13.5,
      "faithful_rate": 1.0,
      "mean_parse_accuracy": 0.25,
      "mean_simulated_latency_ms": 13511.064315135329,
      "mean_dead_end_turns": 7
    },
    {
      "tier": 3,
      "scenario_count": 2,
      "booking_completion_rate": 1.0,
      "median_turns": 4.0,
      "median_efficiency_ratio": 1.25,
      "faithful_rate": 1.0,
      "mean_parse_accuracy": 0.75,
      "mean_simulated_latency_ms": 3831.906909764285,
      "mean_dead_end_turns": 1.5
    },
    {
      "tier": 4,
      "scenario_count": 2,
      "booking_completion_rate": 0.5,
      "median_turns": 8.5,
      "median_efficiency_ratio": 6.75,
      "faithful_rate": 1.0,
      "mean_parse_accuracy": 0.5,
      "mean_simulated_latency_ms": 14360.238992026,
      "mean_dead_end_turns": 3.5
    },
    {
      "tier": 5,
      "scenario_count": 2,
      "booking_completion_rate": 1.0,
      "median_turns": 8.5,
      "median_efficiency_ratio": 2.666666666666667,
      "faithful_rate": 1.0,
      "mean_parse_accuracy": 0.25,
      "mean_simulated_latency_ms": 9495.36797110422,
      "mean_dead_end_turns": 4.5
    },
    {
      "tier": 6,
      "scenario_count": 2,
      "booking_completion_rate": 1.0,
      "median_turns": 6.5,
      "median_efficiency_ratio": 3.5,
      "faithful_rate": 1.0,
      "mean_parse_accuracy": 0.0,
      "mean_simulated_latency_ms": 8468.502464699157,
      "mean_dead_end_turns": 4
    },
    {
      "tier": 7,
      "scenario_count": 2,
      "booking_completion_rate": 0.0,
      "median_turns": 2.0,
      "median_efficiency_ratio": null,
      "faithful_rate": 1.0,
      "mean_parse_accuracy": null,
      "mean_simulated_latency_ms": 0.0,
      "mean_dead_end_turns": 0
    }
  ],
  "unsupported_facts_total": 0,
  "faithful_count": 14,
  "unfaithful_count": 0,
  "dead_end_turns_total": 41,
  "mean_dead_end_turns": 2.9285714285714284
}
