{
  "run_id": "20260610_183456__weak_baseline__a368480__smoke",
  "stage": "weak_baseline",
  "git_commit": "a368480a2c0a6eee13a10a147d2060463a21bf97",
  "change_note": "Weak-agent smoke: gemini-2.5-flash-lite, thinking off, NLP off (anchor for weak family)",
  "timestamp": "2026-06-10T18:49:54.165945Z",
  "scenario_count": 14,
  "record_count": 14,
  "booking_completion_rate": 0.5,
  "median_turns": 9.5,
  "median_efficiency_ratio": 3.0,
  "faithful_rate": 1.0,
  "mean_total_simulated_latency_ms": 18269.521077150817,
  "mean_parse_accuracy": 0.375,
  "turn_counts": [
    12,
    3,
    3,
    12,
    7,
    12,
    10,
    12,
    12,
    12,
    9,
    3,
    5,
    8
  ],
  "efficiency_ratios": [
    11.0,
    1.0,
    1.0,
    4.0,
    1.0,
    2.5,
    3.5,
    4.0,
    3.6666666666666665,
    1.6666666666666667,
    4.0,
    1.0
  ],
  "simulated_latencies_ms": [
    63810.97126460814,
    2286.8240669411703,
    3512.287158626061,
    4810.5633095222865,
    3969.142096782298,
    5096.018400506676,
    7061.439913708212,
    20264.03278292873,
    121696.69385820646,
    5709.757576560481,
    8894.234829319064,
    6127.864662874749,
    1371.4469018644982,
    1162.0182576626053
  ],
  "parse_accuracy_scores": [
    0.0,
    1.0,
    1.0,
    0.0,
    1.0,
    0.5,
    0.0,
    0.0,
    0.0,
    1.0,
    0.0,
    0.0
  ],
  "slots_presented_flat": [
    0,
    0,
    0,
    0,
    0,
    0,
    0,
    0,
    0,
    0,
    0,
    0,
    0,
    2,
    2,
    0,
    4,
    2,
    0,
    0,
    0,
    0,
    0,
    0,
    0,
    0,
    0,
    0,
    0,
    0,
    0,
    0,
    0,
    0,
    0,
    5,
    2,
    0,
    0,
    0,
    0,
    0,
    0,
    1,
    1,
    0,
    0,
    2,
    2,
    0,
    0,
    0,
    0,
    0,
    0,
    0,
    0,
    0,
    0,
    0,
    1,
    0,
    0,
    0,
    0,
    0,
    0,
    0,
    0,
    0,
    0,
    0,
    0,
    0,
    0,
    1,
    1,
    1,
    0,
    0,
    0,
    0,
    0,
    0,
    0,
    0,
    0,
    0,
    0,
    0,
    1,
    1,
    1,
    0,
    6,
    0,
    0,
    0,
    0,
    0,
    0,
    2,
    1,
    2,
    0,
    5,
    2,
    0,
    0,
    0,
    0,
    0,
    0,
    0,
    0,
    0,
    0,
    0,
    0,
    0
  ],
  "per_tier": [
    {
      "tier": 1,
      "scenario_count": 2,
      "booking_completion_rate": 0.5,
      "median_turns": 7.5,
      "median_efficiency_ratio": 6.0,
      "faithful_rate": 1.0,
      "mean_parse_accuracy": 0.5,
      "mean_simulated_latency_ms": 33048.89766577465,
      "mean_dead_end_turns": 5.5
    },
    {
      "tier": 2,
      "scenario_count": 2,
      "booking_completion_rate": 0.5,
      "median_turns": 7.5,
      "median_efficiency_ratio": 2.5,
      "faithful_rate": 1.0,
      "mean_parse_accuracy": 0.5,
      "mean_simulated_latency_ms": 4161.425234074173,
      "mean_dead_end_turns": 2
    },
    {
      "tier": 3,
      "scenario_count": 2,
      "booking_completion_rate": 1.0,
      "median_turns": 9.5,
      "median_efficiency_ratio": 1.75,
      "faithful_rate": 1.0,
      "mean_parse_accuracy": 0.75,
      "mean_simulated_latency_ms": 4532.580248644486,
      "mean_dead_end_turns": 2
    },
    {
      "tier": 4,
      "scenario_count": 2,
      "booking_completion_rate": 0.5,
      "median_turns": 11.0,
      "median_efficiency_ratio": 3.75,
      "faithful_rate": 1.0,
      "mean_parse_accuracy": 0.0,
      "mean_simulated_latency_ms": 13662.73634831847,
      "mean_dead_end_turns": 6
    },
    {
      "tier": 5,
      "scenario_count": 2,
      "booking_completion_rate": 0.0,
      "median_turns": 12.0,
      "median_efficiency_ratio": 2.6666666666666665,
      "faithful_rate": 1.0,
      "mean_parse_accuracy": 0.5,
      "mean_simulated_latency_ms": 63703.22571738347,
      "mean_dead_end_turns": 5
    },
    {
      "tier": 6,
      "scenario_count": 2,
      "booking_completion_rate": 1.0,
      "median_turns": 6.0,
      "median_efficiency_ratio": 2.5,
      "faithful_rate": 1.0,
      "mean_parse_accuracy": 0.0,
      "mean_simulated_latency_ms": 7511.049746096907,
      "mean_dead_end_turns": 3.5
    },
    {
      "tier": 7,
      "scenario_count": 2,
      "booking_completion_rate": 0.0,
      "median_turns": 6.5,
      "median_efficiency_ratio": null,
      "faithful_rate": 1.0,
      "mean_parse_accuracy": null,
      "mean_simulated_latency_ms": 1266.7325797635517,
      "mean_dead_end_turns": 0
    }
  ],
  "unsupported_facts_total": 0,
  "faithful_count": 14,
  "unfaithful_count": 0,
  "dead_end_turns_total": 48,
  "mean_dead_end_turns": 3.4285714285714284
}
