{
  "run_id": "20260603_035145__nlp_arm2__a00c977__smoke",
  "stage": "nlp_arm2",
  "git_commit": "a00c977a6ec14bc68d1b7e38c1047ea7efeaa317",
  "change_note": "Arm2 slice: Arm 2 local LLM llama-3.2-3b smoke",
  "timestamp": "2026-06-03T05:05:21.041003Z",
  "scenario_count": 14,
  "record_count": 14,
  "booking_completion_rate": 0.5,
  "median_turns": 7.0,
  "median_efficiency_ratio": 4.583333333333334,
  "faithful_rate": 1.0,
  "mean_total_simulated_latency_ms": 22797.794972792613,
  "mean_parse_accuracy": 0.4166666666666667,
  "turn_counts": [
    2,
    2,
    12,
    12,
    5,
    8,
    12,
    12,
    12,
    6,
    3,
    8,
    4,
    5
  ],
  "efficiency_ratios": [
    1.0,
    1.0,
    12.0,
    12.0,
    2.0,
    4.5,
    6.0,
    76.5,
    4.666666666666667,
    2.0,
    0.5,
    10.0
  ],
  "simulated_latencies_ms": [
    2059.09762076673,
    1159.756126974345,
    11068.233946201412,
    10761.791228338061,
    4077.3309906650584,
    10353.727308628933,
    10782.002189200011,
    214974.91826929917,
    16355.217390171167,
    6689.6146377901,
    2175.241307724689,
    18981.286312209002,
    6204.027662674314,
    3526.8846284536053
  ],
  "parse_accuracy_scores": [
    1.0,
    0.5,
    0.5,
    0.0,
    0.5,
    1.0,
    1.0,
    0.0,
    0.0,
    0.5,
    0.0,
    0.0
  ],
  "slots_presented_flat": [
    2,
    2,
    2,
    2,
    1,
    0,
    0,
    0,
    0,
    0,
    0,
    0,
    0,
    0,
    0,
    0,
    0,
    0,
    0,
    0,
    0,
    0,
    0,
    0,
    0,
    0,
    0,
    0,
    1,
    0,
    0,
    2,
    2,
    1,
    0,
    0,
    0,
    0,
    0,
    2,
    2,
    0,
    0,
    0,
    0,
    0,
    0,
    0,
    0,
    0,
    0,
    0,
    0,
    1,
    0,
    2,
    2,
    0,
    1,
    0,
    0,
    0,
    0,
    0,
    0,
    0,
    1,
    0,
    0,
    1,
    0,
    0,
    0,
    0,
    0,
    0,
    1,
    0,
    0,
    0,
    1,
    4,
    2,
    0,
    2,
    2,
    0,
    0,
    0,
    0,
    0,
    0,
    2,
    2
  ],
  "per_tier": [
    {
      "tier": 1,
      "scenario_count": 2,
      "booking_completion_rate": 1.0,
      "median_turns": 2.0,
      "median_efficiency_ratio": 1.0,
      "faithful_rate": 1.0,
      "mean_parse_accuracy": 0.75,
      "mean_simulated_latency_ms": 1609.4268738705375,
      "mean_dead_end_turns": 0
    },
    {
      "tier": 2,
      "scenario_count": 2,
      "booking_completion_rate": 0.0,
      "median_turns": 12.0,
      "median_efficiency_ratio": 12.0,
      "faithful_rate": 1.0,
      "mean_parse_accuracy": 0.25,
      "mean_simulated_latency_ms": 10915.012587269735,
      "mean_dead_end_turns": 11.5
    },
    {
      "tier": 3,
      "scenario_count": 2,
      "booking_completion_rate": 1.0,
      "median_turns": 6.5,
      "median_efficiency_ratio": 3.25,
      "faithful_rate": 1.0,
      "mean_parse_accuracy": 0.75,
      "mean_simulated_latency_ms": 7215.529149646996,
      "mean_dead_end_turns": 3.5
    },
    {
      "tier": 4,
      "scenario_count": 2,
      "booking_completion_rate": 0.0,
      "median_turns": 12.0,
      "median_efficiency_ratio": 41.25,
      "faithful_rate": 1.0,
      "mean_parse_accuracy": 0.5,
      "mean_simulated_latency_ms": 112878.4602292496,
      "mean_dead_end_turns": 10
    },
    {
      "tier": 5,
      "scenario_count": 2,
      "booking_completion_rate": 0.5,
      "median_turns": 9.0,
      "median_efficiency_ratio": 3.3333333333333335,
      "faithful_rate": 1.0,
      "mean_parse_accuracy": 0.25,
      "mean_simulated_latency_ms": 11522.416013980634,
      "mean_dead_end_turns": 6
    },
    {
      "tier": 6,
      "scenario_count": 2,
      "booking_completion_rate": 1.0,
      "median_turns": 5.5,
      "median_efficiency_ratio": 5.25,
      "faithful_rate": 1.0,
      "mean_parse_accuracy": 0.0,
      "mean_simulated_latency_ms": 10578.263809966846,
      "mean_dead_end_turns": 3
    },
    {
      "tier": 7,
      "scenario_count": 2,
      "booking_completion_rate": 0.0,
      "median_turns": 4.5,
      "median_efficiency_ratio": null,
      "faithful_rate": 1.0,
      "mean_parse_accuracy": null,
      "mean_simulated_latency_ms": 4865.45614556396,
      "mean_dead_end_turns": 0
    }
  ],
  "unsupported_facts_total": 0,
  "faithful_count": 14,
  "unfaithful_count": 0,
  "dead_end_turns_total": 68,
  "mean_dead_end_turns": 4.857142857142857
}
