{
  "run_id": "20260531_152051__baseline__a00c977__smoke",
  "stage": "baseline",
  "git_commit": "a00c977a6ec14bc68d1b7e38c1047ea7efeaa317",
  "change_note": "Arm 1 wiring regression check",
  "timestamp": "2026-05-31T15:34:49.287788Z",
  "scenario_count": 14,
  "record_count": 14,
  "booking_completion_rate": 0.42857142857142855,
  "median_turns": 10.5,
  "median_efficiency_ratio": 4.333333333333333,
  "faithful_rate": 0.9285714285714286,
  "mean_total_simulated_latency_ms": 16706.657615423723,
  "mean_parse_accuracy": 0.20833333333333334,
  "turn_counts": [
    12,
    12,
    12,
    12,
    4,
    6,
    2,
    12,
    12,
    11,
    6,
    10,
    4,
    2
  ],
  "efficiency_ratios": [
    13.0,
    11.0,
    15.0,
    12.0,
    1.0,
    2.5,
    0.5,
    33.5,
    3.6666666666666665,
    3.3333333333333335,
    3.5,
    5.0
  ],
  "simulated_latencies_ms": [
    12919.756754951624,
    10867.25674771147,
    19560.621442529635,
    12733.628866107925,
    3189.6860918273046,
    6206.640494861111,
    2650.2216894508256,
    121878.74359417794,
    11199.754307130945,
    11261.788444559212,
    8489.319841224396,
    12227.347083775667,
    708.4412576240618,
    0.0
  ],
  "parse_accuracy_scores": [
    0.0,
    0.0,
    0.0,
    0.0,
    0.5,
    1.0,
    0.5,
    0.0,
    0.0,
    0.5,
    0.0,
    0.0
  ],
  "slots_presented_flat": [
    0,
    0,
    0,
    0,
    0,
    0,
    0,
    0,
    0,
    0,
    0,
    0,
    1,
    0,
    0,
    0,
    0,
    0,
    0,
    0,
    0,
    0,
    0,
    0,
    0,
    0,
    0,
    0,
    0,
    0,
    0,
    0,
    0,
    0,
    0,
    0,
    0,
    0,
    0,
    0,
    0,
    0,
    0,
    0,
    0,
    0,
    0,
    0,
    0,
    0,
    1,
    1,
    1,
    0,
    0,
    0,
    3,
    2,
    2,
    2,
    1,
    2,
    1,
    1,
    2,
    1,
    0,
    0,
    0,
    0,
    0,
    0,
    0,
    0,
    0,
    0,
    0,
    0,
    0,
    0,
    0,
    0,
    0,
    0,
    0,
    0,
    0,
    0,
    0,
    1,
    0,
    1,
    1,
    3,
    2,
    0,
    2,
    0,
    2,
    2,
    0,
    0,
    0,
    0,
    0,
    0,
    0,
    0,
    0,
    3,
    2,
    0,
    0,
    0,
    0,
    0,
    0
  ],
  "per_tier": [
    {
      "tier": 1,
      "scenario_count": 2,
      "booking_completion_rate": 0.0,
      "median_turns": 12.0,
      "median_efficiency_ratio": 12.0,
      "faithful_rate": 1.0,
      "mean_parse_accuracy": 0.0,
      "mean_simulated_latency_ms": 11893.506751331548,
      "mean_dead_end_turns": 11.5
    },
    {
      "tier": 2,
      "scenario_count": 2,
      "booking_completion_rate": 0.0,
      "median_turns": 12.0,
      "median_efficiency_ratio": 13.5,
      "faithful_rate": 1.0,
      "mean_parse_accuracy": 0.0,
      "mean_simulated_latency_ms": 16147.12515431878,
      "mean_dead_end_turns": 12
    },
    {
      "tier": 3,
      "scenario_count": 2,
      "booking_completion_rate": 1.0,
      "median_turns": 5.0,
      "median_efficiency_ratio": 1.75,
      "faithful_rate": 1.0,
      "mean_parse_accuracy": 0.75,
      "mean_simulated_latency_ms": 4698.163293344208,
      "mean_dead_end_turns": 2
    },
    {
      "tier": 4,
      "scenario_count": 2,
      "booking_completion_rate": 0.5,
      "median_turns": 7.0,
      "median_efficiency_ratio": 17.0,
      "faithful_rate": 1.0,
      "mean_parse_accuracy": 0.25,
      "mean_simulated_latency_ms": 62264.482641814386,
      "mean_dead_end_turns": 1.5
    },
    {
      "tier": 5,
      "scenario_count": 2,
      "booking_completion_rate": 0.5,
      "median_turns": 11.5,
      "median_efficiency_ratio": 3.5,
      "faithful_rate": 1.0,
      "mean_parse_accuracy": 0.25,
      "mean_simulated_latency_ms": 11230.771375845077,
      "mean_dead_end_turns": 8.5
    },
    {
      "tier": 6,
      "scenario_count": 2,
      "booking_completion_rate": 1.0,
      "median_turns": 8.0,
      "median_efficiency_ratio": 4.25,
      "faithful_rate": 0.5,
      "mean_parse_accuracy": 0.0,
      "mean_simulated_latency_ms": 10358.333462500032,
      "mean_dead_end_turns": 5
    },
    {
      "tier": 7,
      "scenario_count": 2,
      "booking_completion_rate": 0.0,
      "median_turns": 3.0,
      "median_efficiency_ratio": null,
      "faithful_rate": 1.0,
      "mean_parse_accuracy": null,
      "mean_simulated_latency_ms": 354.2206288120309,
      "mean_dead_end_turns": 0
    }
  ],
  "unsupported_facts_total": 2,
  "faithful_count": 13,
  "unfaithful_count": 1,
  "dead_end_turns_total": 81,
  "mean_dead_end_turns": 5.785714285714286
}
