{
  "run_id": "20260602_215609__nlp_arm2__a00c977__smoke",
  "stage": "nlp_arm2",
  "git_commit": "a00c977a6ec14bc68d1b7e38c1047ea7efeaa317",
  "change_note": "Arm 3 regression: arm2 intact",
  "timestamp": "2026-06-02T22:50:05.798707Z",
  "scenario_count": 14,
  "record_count": 14,
  "booking_completion_rate": 0.7142857142857143,
  "median_turns": 5.5,
  "median_efficiency_ratio": 2.5,
  "faithful_rate": 0.9285714285714286,
  "mean_total_simulated_latency_ms": 5324.907123144692,
  "mean_parse_accuracy": 0.5416666666666666,
  "turn_counts": [
    2,
    2,
    4,
    12,
    6,
    5,
    6,
    12,
    10,
    6,
    3,
    7,
    3,
    2
  ],
  "efficiency_ratios": [
    1.0,
    1.0,
    3.0,
    12.0,
    2.5,
    2.5,
    2.5,
    4.5,
    3.3333333333333335,
    1.6666666666666667,
    0.5,
    3.5
  ],
  "simulated_latencies_ms": [
    1317.2810060992776,
    2223.5955541490507,
    3032.787856450783,
    10876.400711338647,
    4927.803242016115,
    5838.868435812628,
    6631.138794906951,
    12086.964322767346,
    12761.925499555558,
    4743.363593534917,
    2141.856549050619,
    7966.714158343805,
    0.0,
    0.0
  ],
  "parse_accuracy_scores": [
    1.0,
    1.0,
    0.5,
    1.0,
    0.5,
    1.0,
    1.0,
    0.0,
    0.0,
    0.5,
    0.0,
    0.0
  ],
  "slots_presented_flat": [
    2,
    2,
    1,
    1,
    1,
    1,
    2,
    2,
    0,
    0,
    0,
    0,
    0,
    0,
    0,
    0,
    0,
    0,
    0,
    0,
    1,
    0,
    0,
    0,
    2,
    2,
    1,
    1,
    0,
    2,
    1,
    0,
    0,
    0,
    0,
    2,
    2,
    2,
    2,
    0,
    2,
    2,
    2,
    8,
    24,
    16,
    24,
    16,
    2,
    0,
    0,
    0,
    0,
    0,
    2,
    0,
    0,
    4,
    2,
    0,
    1,
    0,
    1,
    2,
    2,
    0,
    2,
    2,
    0,
    0,
    0,
    0,
    0,
    3,
    2,
    1,
    1,
    0,
    0,
    0
  ],
  "per_tier": [
    {
      "tier": 1,
      "scenario_count": 2,
      "booking_completion_rate": 1.0,
      "median_turns": 2.0,
      "median_efficiency_ratio": 1.0,
      "faithful_rate": 1.0,
      "mean_parse_accuracy": 1.0,
      "mean_simulated_latency_ms": 1770.438280124164,
      "mean_dead_end_turns": 0
    },
    {
      "tier": 2,
      "scenario_count": 2,
      "booking_completion_rate": 0.5,
      "median_turns": 8.0,
      "median_efficiency_ratio": 7.5,
      "faithful_rate": 1.0,
      "mean_parse_accuracy": 0.75,
      "mean_simulated_latency_ms": 6954.594283894715,
      "mean_dead_end_turns": 6
    },
    {
      "tier": 3,
      "scenario_count": 2,
      "booking_completion_rate": 1.0,
      "median_turns": 5.5,
      "median_efficiency_ratio": 2.5,
      "faithful_rate": 1.0,
      "mean_parse_accuracy": 0.75,
      "mean_simulated_latency_ms": 5383.335838914372,
      "mean_dead_end_turns": 2
    },
    {
      "tier": 4,
      "scenario_count": 2,
      "booking_completion_rate": 0.5,
      "median_turns": 9.0,
      "median_efficiency_ratio": 3.5,
      "faithful_rate": 0.5,
      "mean_parse_accuracy": 0.5,
      "mean_simulated_latency_ms": 9359.051558837149,
      "mean_dead_end_turns": 2
    },
    {
      "tier": 5,
      "scenario_count": 2,
      "booking_completion_rate": 1.0,
      "median_turns": 8.0,
      "median_efficiency_ratio": 2.5,
      "faithful_rate": 1.0,
      "mean_parse_accuracy": 0.25,
      "mean_simulated_latency_ms": 8752.644546545238,
      "mean_dead_end_turns": 4.5
    },
    {
      "tier": 6,
      "scenario_count": 2,
      "booking_completion_rate": 1.0,
      "median_turns": 5.0,
      "median_efficiency_ratio": 2.0,
      "faithful_rate": 1.0,
      "mean_parse_accuracy": 0.0,
      "mean_simulated_latency_ms": 5054.2853536972125,
      "mean_dead_end_turns": 2.5
    },
    {
      "tier": 7,
      "scenario_count": 2,
      "booking_completion_rate": 0.0,
      "median_turns": 2.5,
      "median_efficiency_ratio": null,
      "faithful_rate": 1.0,
      "mean_parse_accuracy": null,
      "mean_simulated_latency_ms": 0.0,
      "mean_dead_end_turns": 0
    }
  ],
  "unsupported_facts_total": 94,
  "faithful_count": 13,
  "unfaithful_count": 1,
  "dead_end_turns_total": 34,
  "mean_dead_end_turns": 2.4285714285714284
}
