{
  "run_id": "20260531_163412__nlp_arm1__a00c977__representative",
  "stage": "nlp_arm1",
  "judge_model": "gemini-2.5-flash",
  "judge_temperature": 0.3,
  "judge_reps": 1,
  "record_count": 210,
  "scored_count": 210,
  "failed_count": 0,
  "mean_temporal": 4.557142857142857,
  "mean_negotiation": 3.0440251572327046,
  "mean_efficiency": 3.519047619047619,
  "mean_customer_experience": 3.216666666666667,
  "mean_recovery": 3.4578313253012047,
  "std_temporal": 0.7881122916684392,
  "std_negotiation": 1.1437552625579175,
  "std_efficiency": 1.2649560945608163,
  "std_customer_experience": 1.363019159458252,
  "std_recovery": 1.2026515909650064,
  "std_within_temporal": null,
  "std_within_negotiation": null,
  "std_within_efficiency": null,
  "std_within_customer_experience": null,
  "std_within_recovery": null
}
