{
  "run_id": "20260610_183456__weak_baseline__a368480__smoke",
  "stage": "weak_baseline",
  "judge_model": "gemini-2.5-flash",
  "judge_temperature": 0.3,
  "judge_reps": 1,
  "record_count": 14,
  "scored_count": 14,
  "failed_count": 0,
  "mean_temporal": 3.857142857142857,
  "mean_negotiation": 2.6363636363636362,
  "mean_efficiency": 2.642857142857143,
  "mean_customer_experience": 2.5,
  "mean_recovery": 2.3333333333333335,
  "std_temporal": 0.8644378215075664,
  "std_negotiation": 0.9244162777371754,
  "std_efficiency": 1.0818177620697815,
  "std_customer_experience": 1.087114613009218,
  "std_recovery": 0.816496580927726,
  "std_within_temporal": null,
  "std_within_negotiation": null,
  "std_within_efficiency": null,
  "std_within_customer_experience": null,
  "std_within_recovery": null
}
