{
  "run_id": "20260602_213224__baseline__a00c977__smoke",
  "stage": "baseline",
  "git_commit": "a00c977a6ec14bc68d1b7e38c1047ea7efeaa317",
  "change_note": "Arm2 slice: coexistence - Option-A fixtures + Arm2 plumbing, NLP flags off",
  "timestamp": "2026-06-02T21:40:12.423550Z",
  "scenario_count": 14,
  "record_count": 14,
  "booking_completion_rate": 0.6428571428571429,
  "median_turns": 4.0,
  "median_efficiency_ratio": 2.25,
  "faithful_rate": 0.9285714285714286,
  "mean_total_simulated_latency_ms": 5629.90124484112,
  "mean_parse_accuracy": 0.25,
  "turn_counts": [
    2,
    2,
    12,
    12,
    3,
    4,
    3,
    12,
    7,
    5,
    4,
    5,
    3,
    3
  ],
  "efficiency_ratios": [
    1.0,
    1.0,
    12.0,
    12.0,
    2.0,
    2.5,
    1.0,
    4.0,
    2.6666666666666665,
    1.6666666666666667,
    1.5,
    3.0
  ],
  "simulated_latencies_ms": [
    1566.7283795136345,
    2022.4862242616612,
    11501.964871961716,
    11673.991398696799,
    5173.462463865938,
    5975.843957930216,
    3597.954338211028,
    9379.168833509484,
    9880.510417810043,
    5957.099179357956,
    4379.784471178422,
    6575.781553633941,
    1133.8413378448429,
    0.0
  ],
  "parse_accuracy_scores": [
    0.5,
    1.0,
    0.5,
    0.0,
    0.5,
    0.0,
    0.0,
    0.0,
    0.0,
    0.5,
    0.0,
    0.0
  ],
  "slots_presented_flat": [
    2,
    2,
    2,
    2,
    1,
    1,
    1,
    1,
    1,
    1,
    1,
    1,
    1,
    1,
    1,
    1,
    0,
    0,
    0,
    0,
    0,
    0,
    0,
    0,
    0,
    0,
    0,
    0,
    5,
    5,
    2,
    6,
    0,
    6,
    2,
    0,
    0,
    0,
    5,
    2,
    2,
    3,
    2,
    2,
    1,
    0,
    2,
    0,
    3,
    5,
    0,
    0,
    0,
    0,
    0,
    2,
    2,
    3,
    2,
    3,
    2,
    2,
    1,
    0,
    5,
    2,
    0,
    0,
    0,
    2,
    2,
    0,
    0,
    0,
    0,
    0,
    0
  ],
  "per_tier": [
    {
      "tier": 1,
      "scenario_count": 2,
      "booking_completion_rate": 1.0,
      "median_turns": 2.0,
      "median_efficiency_ratio": 1.0,
      "faithful_rate": 1.0,
      "mean_parse_accuracy": 0.75,
      "mean_simulated_latency_ms": 1794.6073018876477,
      "mean_dead_end_turns": 0
    },
    {
      "tier": 2,
      "scenario_count": 2,
      "booking_completion_rate": 0.0,
      "median_turns": 12.0,
      "median_efficiency_ratio": 12.0,
      "faithful_rate": 1.0,
      "mean_parse_accuracy": 0.25,
      "mean_simulated_latency_ms": 11587.978135329256,
      "mean_dead_end_turns": 6
    },
    {
      "tier": 3,
      "scenario_count": 2,
      "booking_completion_rate": 1.0,
      "median_turns": 3.5,
      "median_efficiency_ratio": 2.25,
      "faithful_rate": 1.0,
      "mean_parse_accuracy": 0.25,
      "mean_simulated_latency_ms": 5574.653210898077,
      "mean_dead_end_turns": 0.5
    },
    {
      "tier": 4,
      "scenario_count": 2,
      "booking_completion_rate": 0.5,
      "median_turns": 7.5,
      "median_efficiency_ratio": 2.5,
      "faithful_rate": 0.5,
      "mean_parse_accuracy": 0.0,
      "mean_simulated_latency_ms": 6488.561585860256,
      "mean_dead_end_turns": 1.5
    },
    {
      "tier": 5,
      "scenario_count": 2,
      "booking_completion_rate": 1.0,
      "median_turns": 6.0,
      "median_efficiency_ratio": 2.1666666666666665,
      "faithful_rate": 1.0,
      "mean_parse_accuracy": 0.25,
      "mean_simulated_latency_ms": 7918.804798583999,
      "mean_dead_end_turns": 2.5
    },
    {
      "tier": 6,
      "scenario_count": 2,
      "booking_completion_rate": 1.0,
      "median_turns": 4.5,
      "median_efficiency_ratio": 2.25,
      "faithful_rate": 1.0,
      "mean_parse_accuracy": 0.0,
      "mean_simulated_latency_ms": 5477.783012406182,
      "mean_dead_end_turns": 2
    },
    {
      "tier": 7,
      "scenario_count": 2,
      "booking_completion_rate": 0.0,
      "median_turns": 3.0,
      "median_efficiency_ratio": null,
      "faithful_rate": 1.0,
      "mean_parse_accuracy": null,
      "mean_simulated_latency_ms": 566.9206689224214,
      "mean_dead_end_turns": 0
    }
  ],
  "unsupported_facts_total": 17,
  "faithful_count": 13,
  "unfaithful_count": 1,
  "dead_end_turns_total": 25,
  "mean_dead_end_turns": 1.7857142857142858
}
