{
  "run_id": "20260608_221848__nlp_arm3_expansion__4eadd22__representative_reduced",
  "stage": "nlp_arm3_expansion",
  "git_commit": "4eadd224731d6ca2e14bbdba907c056363f2f4ce",
  "change_note": "Arm 3 NLP (Gemini JSON) + executor expansion vs expansion-only; complementary-vs-redundant",
  "timestamp": "2026-06-08T23:56:01.808533Z",
  "scenario_count": 60,
  "record_count": 120,
  "booking_completion_rate": 0.6583333333333333,
  "median_turns": 4.0,
  "median_efficiency_ratio": 2.416666666666667,
  "faithful_rate": 0.9416666666666667,
  "mean_total_simulated_latency_ms": 12040.65445945591,
  "mean_parse_accuracy": 0.46,
  "turn_counts": [
    2,
    2,
    2,
    2,
    1,
    2,
    12,
    12,
    2,
    2,
    2,
    2,
    12,
    12,
    12,
    2,
    3,
    3,
    2,
    2,
    12,
    12,
    12,
    12,
    3,
    3,
    4,
    3,
    3,
    4,
    4,
    12,
    3,
    3,
    12,
    12,
    3,
    3,
    4,
    4,
    4,
    3,
    3,
    3,
    3,
    2,
    4,
    5,
    4,
    2,
    5,
    4,
    5,
    4,
    5,
    3,
    4,
    4,
    12,
    6,
    6,
    4,
    8,
    12,
    6,
    4,
    5,
    5,
    12,
    7,
    5,
    7,
    6,
    4,
    5,
    5,
    7,
    12,
    4,
    6,
    12,
    12,
    4,
    3,
    2,
    2,
    5,
    12,
    12,
    12,
    4,
    4,
    4,
    11,
    8,
    5,
    3,
    3,
    3,
    3,
    5,
    4,
    3,
    5,
    5,
    8,
    5,
    4,
    9,
    4,
    5,
    3,
    5,
    6,
    5,
    4,
    3,
    4,
    4,
    3
  ],
  "efficiency_ratios": [
    2.0,
    2.0,
    1.0,
    1.0,
    1.0,
    1.0,
    12.0,
    12.0,
    1.0,
    1.0,
    2.0,
    2.0,
    5.0,
    5.0,
    17.0,
    2.0,
    2.0,
    2.0,
    2.0,
    1.0,
    5.5,
    7.0,
    63.5,
    7.5,
    1.5,
    1.5,
    1.5,
    1.5,
    1.5,
    1.5,
    3.5,
    8.0,
    1.5,
    1.5,
    12.0,
    11.0,
    1.5,
    1.5,
    5.5,
    4.5,
    4.0,
    3.0,
    2.0,
    2.0,
    0.5,
    1.5,
    2.0,
    2.0,
    3.0,
    0.5,
    2.0,
    1.5,
    2.5,
    1.5,
    5.0,
    5.0,
    2.5,
    1.5,
    27.0,
    4.0,
    2.6666666666666665,
    1.3333333333333333,
    3.0,
    55.666666666666664,
    3.0,
    1.6666666666666667,
    2.3333333333333335,
    1.0,
    5.0,
    2.6666666666666665,
    2.6666666666666665,
    4.0,
    2.6666666666666665,
    1.6666666666666667,
    3.0,
    3.3333333333333335,
    4.666666666666667,
    14.333333333333334,
    1.3333333333333333,
    1.3333333333333333,
    7.0,
    13.0,
    2.5,
    1.5,
    2.0,
    0.5,
    4.5,
    4.5,
    7.5,
    6.5,
    3.0,
    3.0,
    3.5,
    5.0,
    5.0,
    3.5,
    1.5,
    1.5,
    0.5,
    0.5
  ],
  "simulated_latencies_ms": [
    2128.1273622593035,
    3190.1122830059044,
    1451.6363184943293,
    2198.3283617879883,
    2192.485834354408,
    2005.834175616214,
    15794.177738668111,
    15126.625568054971,
    1270.3568303960826,
    2116.5587865039347,
    2281.4526570126754,
    2739.0233810375357,
    6752.985581082546,
    6574.668481493289,
    18458.17803223739,
    2157.916432036393,
    3227.9029744696873,
    3386.2545137585766,
    3208.4372415162725,
    2062.340554348166,
    14312.307165825954,
    17016.67539396786,
    235211.2196075902,
    18060.01630338388,
    4443.874777015625,
    3727.3296122763622,
    3647.2123962124483,
    3582.0273395705904,
    3644.458986330387,
    3438.68186754024,
    11042.858880338226,
    19429.42668076751,
    4360.037210385015,
    4270.855077910117,
    37183.97403248649,
    24948.668993350122,
    4499.696573279435,
    4512.294025632323,
    15172.886007319892,
    12595.436219590245,
    11199.361577749907,
    9238.729175287286,
    4578.998543407856,
    4454.487461453961,
    2166.422478699429,
    3912.386071476733,
    4816.611181893878,
    4021.3790856605124,
    9599.161583602368,
    2133.7013163985375,
    5273.590693921823,
    4371.500364685417,
    6409.7907135572605,
    4449.71384185733,
    14733.230590415804,
    14310.169725813044,
    6151.209378534337,
    4593.040783553399,
    62185.117683602664,
    9758.912435455219,
    8586.928489751872,
    4594.511535612157,
    9568.323339144199,
    152854.38818937258,
    12654.620817290792,
    6922.16097920616,
    8921.663566416439,
    3785.8464318474253,
    15955.319986400511,
    9088.373608033902,
    9315.22214630932,
    13987.569482966557,
    9453.2763387624,
    5307.284255303786,
    11700.541482705094,
    13202.543268568228,
    18652.11907984236,
    66364.0785493925,
    4456.899878402029,
    5796.538242371231,
    18218.759051705263,
    29307.618584052565,
    6344.001828495982,
    4368.775925349177,
    4519.517602348804,
    2229.286013885267,
    12187.732914083344,
    11408.639011332018,
    18271.81630196104,
    16040.864570740623,
    8555.598344501235,
    8957.829381475347,
    11544.754680499953,
    15714.616622318834,
    11209.51912467559,
    7167.343899757725,
    3487.519623974524,
    4134.82828876008,
    2154.606786023138,
    1661.504972564513,
    14707.99972700642,
    9891.975194462642,
    675.7987432131364,
    20755.586415946287,
    7603.878810915388,
    7945.188623977903,
    777.131333135886,
    0.0,
    19067.54658790963,
    7869.176454125678,
    949.7226001146051,
    0.0,
    9867.574006507546,
    720.8262437883882,
    7621.9483847130705,
    7528.086558451509,
    0.0,
    697.3963874862992,
    6955.404974235133,
    809.0959465815089
  ],
  "parse_accuracy_scores": [
    0.5,
    0.5,
    0.5,
    0.5,
    1.0,
    1.0,
    0.0,
    0.0,
    0.5,
    0.5,
    1.0,
    0.5,
    0.0,
    0.0,
    1.0,
    1.0,
    1.0,
    1.0,
    1.0,
    0.5,
    0.5,
    0.5,
    0.0,
    0.0,
    0.5,
    0.5,
    0.5,
    0.5,
    1.0,
    1.0,
    0.0,
    0.0,
    1.0,
    1.0,
    0.0,
    0.0,
    1.0,
    1.0,
    0.0,
    0.0,
    0.0,
    0.0,
    0.0,
    0.0,
    1.0,
    0.0,
    0.0,
    0.0,
    0.0,
    1.0,
    0.0,
    1.0,
    1.0,
    1.0,
    0.0,
    0.0,
    1.0,
    1.0,
    0.0,
    1.0,
    0.5,
    0.5,
    0.5,
    0.5,
    0.0,
    0.0,
    0.0,
    0.0,
    1.0,
    1.0,
    0.5,
    0.5,
    0.0,
    0.0,
    0.0,
    0.0,
    1.0,
    1.0,
    1.0,
    1.0,
    0.0,
    0.0,
    0.0,
    1.0,
    1.0,
    1.0,
    0.0,
    0.0,
    0.0,
    1.0,
    0.0,
    0.0,
    0.0,
    0.0,
    0.0,
    0.0,
    1.0,
    1.0,
    1.0,
    1.0
  ],