{
  "run_id": "20260602_212822__nlp_arm3__a00c977__smoke",
  "stage": "nlp_arm3",
  "git_commit": "a00c977a6ec14bc68d1b7e38c1047ea7efeaa317",
  "change_note": "Arm 3 (Gemini JSON) smoke",
  "timestamp": "2026-06-02T21:38:58.055986Z",
  "scenario_count": 14,
  "record_count": 14,
  "booking_completion_rate": 0.5714285714285714,
  "median_turns": 5.0,
  "median_efficiency_ratio": 2.5,
  "faithful_rate": 1.0,
  "mean_total_simulated_latency_ms": 6295.417358867876,
  "mean_parse_accuracy": 0.4583333333333333,
  "turn_counts": [
    2,
    2,
    12,
    12,
    5,
    5,
    5,
    12,
    11,
    7,
    3,
    12,
    5,
    2
  ],
  "efficiency_ratios": [
    1.0,
    1.0,
    12.0,
    12.0,
    1.5,
    3.0,
    2.0,
    4.0,
    3.6666666666666665,
    1.6666666666666667,
    1.5,
    6.0
  ],
  "simulated_latencies_ms": [
    2102.255222099012,
    2132.269565166958,
    11463.787562012712,
    10930.969322766154,
    3180.302775721018,
    6647.533057138649,
    4097.8934341959775,
    7243.277633906459,
    13409.583583394533,
    4920.482172574036,
    3744.409312614076,
    13263.995124300904,
    4999.084258259778,
    0.0
  ],
  "parse_accuracy_scores": [
    1.0,
    1.0,
    0.5,
    0.0,
    0.5,
    1.0,
    1.0,
    0.0,
    0.0,
    0.5,
    0.0,
    0.0
  ],
  "slots_presented_flat": [
    2,
    2,
    2,
    2,
    0,
    0,
    0,
    0,
    0,
    0,
    0,
    0,
    0,
    0,
    0,
    0,
    0,
    0,
    0,
    0,
    0,
    0,
    0,
    0,
    0,
    0,
    0,
    0,
    1,
    0,
    2,
    2,
    2,
    1,
    2,
    1,
    2,
    2,
    0,
    0,
    0,
    2,
    2,
    0,
    1,
    1,
    1,
    2,
    2,
    2,
    2,
    2,
    0,
    0,
    0,
    0,
    0,
    0,
    0,
    0,
    0,
    0,
    0,
    0,
    1,
    1,
    1,
    1,
    0,
    0,
    2,
    2,
    2,
    0,
    2,
    2,
    0,
    0,
    0,
    0,
    0,
    0,
    0,
    0,
    0,
    0,
    0,
    0,
    0,
    0
  ],
  "per_tier": [
    {
      "tier": 1,
      "scenario_count": 2,
      "booking_completion_rate": 1.0,
      "median_turns": 2.0,
      "median_efficiency_ratio": 1.0,
      "faithful_rate": 1.0,
      "mean_parse_accuracy": 1.0,
      "mean_simulated_latency_ms": 2117.2623936329846,
      "mean_dead_end_turns": 0
    },
    {
      "tier": 2,
      "scenario_count": 2,
      "booking_completion_rate": 0.0,
      "median_turns": 12.0,
      "median_efficiency_ratio": 12.0,
      "faithful_rate": 1.0,
      "mean_parse_accuracy": 0.25,
      "mean_simulated_latency_ms": 11197.378442389432,
      "mean_dead_end_turns": 12
    },
    {
      "tier": 3,
      "scenario_count": 2,
      "booking_completion_rate": 1.0,
      "median_turns": 5.0,
      "median_efficiency_ratio": 2.25,
      "faithful_rate": 1.0,
      "mean_parse_accuracy": 0.75,
      "mean_simulated_latency_ms": 4913.917916429834,
      "mean_dead_end_turns": 0.5
    },
    {
      "tier": 4,
      "scenario_count": 2,
      "booking_completion_rate": 0.5,
      "median_turns": 8.5,
      "median_efficiency_ratio": 3.0,
      "faithful_rate": 1.0,
      "mean_parse_accuracy": 0.5,
      "mean_simulated_latency_ms": 5670.585534051219,
      "mean_dead_end_turns": 1.5
    },
    {
      "tier": 5,
      "scenario_count": 2,
      "booking_completion_rate": 1.0,
      "median_turns": 9.0,
      "median_efficiency_ratio": 2.6666666666666665,
      "faithful_rate": 1.0,
      "mean_parse_accuracy": 0.25,
      "mean_simulated_latency_ms": 9165.032877984284,
      "mean_dead_end_turns": 5
    },
    {
      "tier": 6,
      "scenario_count": 2,
      "booking_completion_rate": 0.5,
      "median_turns": 7.5,
      "median_efficiency_ratio": 3.75,
      "faithful_rate": 1.0,
      "mean_parse_accuracy": 0.0,
      "mean_simulated_latency_ms": 8504.202218457489,
      "mean_dead_end_turns": 6
    },
    {
      "tier": 7,
      "scenario_count": 2,
      "booking_completion_rate": 0.0,
      "median_turns": 3.5,
      "median_efficiency_ratio": null,
      "faithful_rate": 1.0,
      "mean_parse_accuracy": null,
      "mean_simulated_latency_ms": 2499.542129129889,
      "mean_dead_end_turns": 0
    }
  ],
  "unsupported_facts_total": 0,
  "faithful_count": 14,
  "unfaithful_count": 0,
  "dead_end_turns_total": 50,
  "mean_dead_end_turns": 3.5714285714285716
}
