{
  "run_id": "20260607_162454__expansion__f4416e8__smoke",
  "stage": "expansion",
  "git_commit": "f4416e85faa94b53b668192d39c8fcd7802f5c7b",
  "change_note": "expansion bidirectional ladder (cap5) re-confirm",
  "timestamp": "2026-06-07T16:34:52.595361Z",
  "scenario_count": 14,
  "record_count": 14,
  "booking_completion_rate": 0.6428571428571429,
  "median_turns": 4.0,
  "median_efficiency_ratio": 3.166666666666667,
  "faithful_rate": 0.8571428571428571,
  "mean_total_simulated_latency_ms": 12166.712755658147,
  "mean_parse_accuracy": 0.4583333333333333,
  "turn_counts": [
    2,
    2,
    2,
    5,
    3,
    3,
    12,
    12,
    12,
    6,
    6,
    5,
    3,
    3
  ],
  "efficiency_ratios": [
    2.0,
    1.0,
    2.0,
    7.0,
    1.5,
    1.5,
    18.0,
    14.0,
    6.0,
    3.3333333333333335,
    3.0,
    5.5
  ],
  "simulated_latencies_ms": [
    3491.3470116973976,
    2589.126456611908,
    2728.1235492187907,
    10382.955946854643,
    4828.575482173739,
    4823.183015171875,
    55233.9580877601,
    29794.722735003215,
    20263.63487700806,
    12875.9228497174,
    8235.351874004187,
    15087.076693992754,
    0.0,
    0.0
  ],
  "parse_accuracy_scores": [
    0.5,
    0.5,
    0.5,
    0.0,
    1.0,
    1.0,
    1.0,
    0.0,
    0.5,
    0.5,
    0.0,
    0.0
  ],
  "slots_presented_flat": [
    7,
    2,
    2,
    2,
    5,
    2,
    0,
    0,
    0,
    0,
    0,
    6,
    5,
    2,
    8,
    8,
    2,
    0,
    0,
    0,
    0,
    0,
    0,
    0,
    0,
    0,
    0,
    0,
    0,
    4,
    2,
    2,
    2,
    2,
    2,
    2,
    2,
    2,
    2,
    2,
    2,
    0,
    4,
    0,
    7,
    0,
    0,
    0,
    0,
    0,
    0,
    0,
    0,
    0,
    3,
    5,
    4,
    4,
    1,
    0,
    0,
    0,
    2,
    4,
    2,
    0,
    0,
    5,
    2,
    2,
    0,
    1,
    1,
    0,
    0,
    0
  ],
  "per_tier": [
    {
      "tier": 1,
      "scenario_count": 2,
      "booking_completion_rate": 1.0,
      "median_turns": 2.0,
      "median_efficiency_ratio": 1.5,
      "faithful_rate": 1.0,
      "mean_parse_accuracy": 0.5,
      "mean_simulated_latency_ms": 3040.236734154653,
      "mean_dead_end_turns": 0
    },
    {
      "tier": 2,
      "scenario_count": 2,
      "booking_completion_rate": 1.0,
      "median_turns": 3.5,
      "median_efficiency_ratio": 4.5,
      "faithful_rate": 1.0,
      "mean_parse_accuracy": 0.25,
      "mean_simulated_latency_ms": 6555.539748036717,
      "mean_dead_end_turns": 0.5
    },
    {
      "tier": 3,
      "scenario_count": 2,
      "booking_completion_rate": 1.0,
      "median_turns": 3.0,
      "median_efficiency_ratio": 1.5,
      "faithful_rate": 1.0,
      "mean_parse_accuracy": 1.0,
      "mean_simulated_latency_ms": 4825.879248672807,
      "mean_dead_end_turns": 0
    },
    {
      "tier": 4,
      "scenario_count": 2,
      "booking_completion_rate": 0.0,
      "median_turns": 12.0,
      "median_efficiency_ratio": 16.0,
      "faithful_rate": 0.5,
      "mean_parse_accuracy": 0.5,
      "mean_simulated_latency_ms": 42514.34041138166,
      "mean_dead_end_turns": 5
    },
    {
      "tier": 5,
      "scenario_count": 2,
      "booking_completion_rate": 0.5,
      "median_turns": 9.0,
      "median_efficiency_ratio": 4.666666666666667,
      "faithful_rate": 0.5,
      "mean_parse_accuracy": 0.5,
      "mean_simulated_latency_ms": 16569.778863362728,
      "mean_dead_end_turns": 2
    },
    {
      "tier": 6,
      "scenario_count": 2,
      "booking_completion_rate": 1.0,
      "median_turns": 5.5,
      "median_efficiency_ratio": 4.25,
      "faithful_rate": 1.0,
      "mean_parse_accuracy": 0.0,
      "mean_simulated_latency_ms": 11661.21428399847,
      "mean_dead_end_turns": 1.5
    },
    {
      "tier": 7,
      "scenario_count": 2,
      "booking_completion_rate": 0.0,
      "median_turns": 3.0,
      "median_efficiency_ratio": null,
      "faithful_rate": 1.0,
      "mean_parse_accuracy": null,
      "mean_simulated_latency_ms": 0.0,
      "mean_dead_end_turns": 0
    }
  ],
  "unsupported_facts_total": 4,
  "faithful_count": 12,
  "unfaithful_count": 2,
  "dead_end_turns_total": 18,
  "mean_dead_end_turns": 1.2857142857142858
}
