{
  "run_id": "20260607_014848__nlp_arm2__e1626fa__representative_reduced",
  "stage": "nlp_arm2",
  "judge_model": "gemini-2.5-flash",
  "judge_temperature": 0.3,
  "judge_reps": 1,
  "record_count": 120,
  "scored_count": 120,
  "failed_count": 0,
  "mean_temporal": 4.433333333333334,
  "mean_negotiation": 2.912087912087912,
  "mean_efficiency": 3.3666666666666667,
  "mean_customer_experience": 3.09,
  "mean_recovery": 3.0526315789473686,
  "std_temporal": 1.0185946269275143,
  "std_negotiation": 1.0713268164949237,
  "std_efficiency": 1.236240800380982,
  "std_customer_experience": 1.3034143197344767,
  "std_recovery": 1.0925241519327575,
  "std_within_temporal": null,
  "std_within_negotiation": null,
  "std_within_efficiency": null,
  "std_within_customer_experience": null,
  "std_within_recovery": null
}
