{
  "run_id": "20260606_193204__baseline__b833dfc__canary",
  "stage": "baseline",
  "git_commit": "b833dfc3947a00259436e61905c30b2963e7f002",
  "change_note": "Phase B canary re-run after clock-override fix (b833dfc)",
  "timestamp": "2026-06-06T19:44:49.121125Z",
  "scenario_count": 21,
  "record_count": 21,
  "booking_completion_rate": 0.6190476190476191,
  "median_turns": 6,
  "median_efficiency_ratio": 3.25,
  "faithful_rate": 1.0,
  "mean_total_simulated_latency_ms": 7736.465568740908,
  "mean_parse_accuracy": 0.3055555555555556,
  "turn_counts": [
    3,
    3,
    7,
    12,
    12,
    12,
    3,
    2,
    6,
    12,
    4,
    10,
    5,
    9,
    5,
    12,
    10,
    9,
    2,
    3,
    4
  ],
  "efficiency_ratios": [
    2.0,
    1.0,
    6.0,
    37.0,
    11.0,
    11.0,
    1.0,
    0.5,
    1.5,
    6.0,
    3.0,
    4.5,
    1.0,
    2.3333333333333335,
    1.3333333333333333,
    8.0,
    4.5,
    3.5
  ],
  "simulated_latencies_ms": [
    2904.736790857865,
    2633.148879575256,
    6686.279041357383,
    34429.28865291639,
    10597.991091108206,
    10998.516862259357,
    3552.918652165136,
    2206.5055491640915,
    3082.902570355766,
    11807.429118523318,
    13352.276919329915,
    9739.144496730029,
    3897.1680058771944,
    7410.680208893168,
    5077.425018935329,
    15257.368951040158,
    9404.942646514759,
    7835.993939490889,
    0.0,
    338.21838592527814,
    1252.8411625395838
  ],
  "parse_accuracy_scores": [
    0.5,
    0.5,
    0.0,
    0.0,
    0.5,
    0.0,
    1.0,
    0.0,
    0.5,
    0.0,
    0.0,
    0.0,
    0.5,
    1.0,
    0.0,
    0.0,
    0.0,
    1.0
  ],
  "slots_presented_flat": [
    1,
    2,
    2,
    1,
    2,
    2,
    1,
    0,
    0,
    0,
    0,
    2,
    2,
    0,
    0,
    0,
    0,
    0,
    0,
    0,
    0,
    0,
    0,
    0,
    0,
    1,
    1,
    0,
    0,
    0,
    0,
    0,
    0,
    0,
    0,
    0,
    0,
    1,
    0,
    0,
    0,
    0,
    0,
    0,
    0,
    0,
    0,
    0,
    0,
    0,
    0,
    0,
    5,
    2,
    0,
    0,
    0,
    2,
    2,
    2,
    0,
    0,
    0,
    0,
    0,
    0,
    0,
    0,
    0,
    0,
    0,
    0,
    4,
    0,
    2,
    2,
    0,
    0,
    0,
    0,
    0,
    0,
    0,
    0,
    2,
    2,
    0,
    0,
    0,
    2,
    2,
    0,
    3,
    0,
    3,
    0,
    0,
    0,
    2,
    2,
    0,
    0,
    2,
    3,
    2,
    0,
    0,
    0,
    0,
    0,
    0,
    0,
    0,
    0,
    0,
    0,
    0,
    0,
    0,
    0,
    0,
    0,
    0,
    0,
    0,
    2,
    2,
    1,
    0,
    0,
    1,
    1,
    0,
    0,
    2,
    2,
    0,
    0,
    0,
    1,
    1,
    0,
    0,
    0,
    0
  ],
  "per_tier": [
    {
      "tier": 1,
      "scenario_count": 3,
      "booking_completion_rate": 1.0,
      "median_turns": 3,
      "median_efficiency_ratio": 2.0,
      "faithful_rate": 1.0,
      "mean_parse_accuracy": 0.3333333333333333,
      "mean_simulated_latency_ms": 4074.7215705968347,
      "mean_dead_end_turns": 1.3333333333333333
    },
    {
      "tier": 2,
      "scenario_count": 3,
      "booking_completion_rate": 0.0,
      "median_turns": 12,
      "median_efficiency_ratio": 11.0,
      "faithful_rate": 1.0,
      "mean_parse_accuracy": 0.16666666666666666,
      "mean_simulated_latency_ms": 18675.265535427985,
      "mean_dead_end_turns": 10
    },
    {
      "tier": 3,
      "scenario_count": 3,
      "booking_completion_rate": 1.0,
      "median_turns": 3,
      "median_efficiency_ratio": 1.0,
      "faithful_rate": 1.0,
      "mean_parse_accuracy": 0.5,
      "mean_simulated_latency_ms": 2947.442257228331,
      "mean_dead_end_turns": 1
    },
    {
      "tier": 4,
      "scenario_count": 3,
      "booking_completion_rate": 0.6666666666666666,
      "median_turns": 10,
      "median_efficiency_ratio": 4.5,
      "faithful_rate": 1.0,
      "mean_parse_accuracy": 0.0,
      "mean_simulated_latency_ms": 11632.95017819442,
      "mean_dead_end_turns": 7
    },
    {
      "tier": 5,
      "scenario_count": 3,
      "booking_completion_rate": 1.0,
      "median_turns": 5,
      "median_efficiency_ratio": 1.3333333333333333,
      "faithful_rate": 1.0,
      "mean_parse_accuracy": 0.5,
      "mean_simulated_latency_ms": 5461.757744568564,
      "mean_dead_end_turns": 2.6666666666666665
    },
    {
      "tier": 6,
      "scenario_count": 3,
      "booking_completion_rate": 0.6666666666666666,
      "median_turns": 10,
      "median_efficiency_ratio": 4.5,
      "faithful_rate": 1.0,
      "mean_parse_accuracy": 0.3333333333333333,
      "mean_simulated_latency_ms": 10832.768512348603,
      "mean_dead_end_turns": 8
    },
    {
      "tier": 7,
      "scenario_count": 3,
      "booking_completion_rate": 0.0,
      "median_turns": 3,
      "median_efficiency_ratio": null,
      "faithful_rate": 1.0,
      "mean_parse_accuracy": null,
      "mean_simulated_latency_ms": 530.3531828216206,
      "mean_dead_end_turns": 0
    }
  ],
  "unsupported_facts_total": 0,
  "faithful_count": 21,
  "unfaithful_count": 0,
  "dead_end_turns_total": 90,
  "mean_dead_end_turns": 4.285714285714286
}
