{
  "run_id": "20260602_214023__nlp_arm1__a00c977__smoke",
  "stage": "nlp_arm1",
  "git_commit": "a00c977a6ec14bc68d1b7e38c1047ea7efeaa317",
  "change_note": "Arm2 slice: Arm 1 regression smoke",
  "timestamp": "2026-06-03T03:51:30.294073Z",
  "scenario_count": 14,
  "record_count": 14,
  "booking_completion_rate": 0.42857142857142855,
  "median_turns": 5.0,
  "median_efficiency_ratio": 3.0,
  "faithful_rate": 0.9285714285714286,
  "mean_total_simulated_latency_ms": 153719.2195468166,
  "mean_parse_accuracy": 0.2916666666666667,
  "turn_counts": [
    2,
    2,
    12,
    3,
    12,
    5,
    5,
    12,
    12,
    12,
    3,
    12,
    5,
    2
  ],
  "efficiency_ratios": [
    2.0,
    1.0,
    17.0,
    2.0,
    1149.5,
    1.5,
    1.5,
    5.0,
    5.666666666666667,
    4.666666666666667,
    1.0,
    4.0
  ],
  "simulated_latencies_ms": [
    3085.777335547749,
    2137.427677882541,
    15612.001745592172,
    2264.5720915487173,
    2072521.2124658541,
    4762.449839270023,
    2976.698273793505,
    9789.001334583672,
    15395.16315472557,
    13300.972032704802,
    2139.5403776004428,
    7212.339760797533,
    871.9175655315884,
    0.0
  ],
  "parse_accuracy_scores": [
    0.5,
    1.0,
    0.5,
    0.0,
    0.5,
    0.0,
    0.5,
    0.0,
    0.0,
    0.5,
    0.0,
    0.0
  ],
  "slots_presented_flat": [
    7,
    2,
    1,
    1,
    0,
    0,
    0,
    0,
    0,
    0,
    0,
    0,
    0,
    0,
    0,
    0,
    0,
    3,
    2,
    1,
    0,
    0,
    0,
    0,
    0,
    0,
    0,
    0,
    0,
    0,
    2,
    1,
    2,
    1,
    6,
    1,
    0,
    0,
    0,
    2,
    2,
    2,
    2,
    2,
    2,
    0,
    0,
    0,
    0,
    0,
    0,
    0,
    0,
    0,
    0,
    0,
    2,
    0,
    0,
    0,
    2,
    0,
    2,
    0,
    2,
    0,
    0,
    3,
    0,
    0,
    0,
    0,
    1,
    0,
    0,
    0,
    0,
    1,
    2,
    2,
    0,
    0,
    0,
    0,
    0,
    0,
    0,
    0,
    0,
    0,
    0,
    0,
    0,
    0
  ],
  "per_tier": [
    {
      "tier": 1,
      "scenario_count": 2,
      "booking_completion_rate": 1.0,
      "median_turns": 2.0,
      "median_efficiency_ratio": 1.5,
      "faithful_rate": 1.0,
      "mean_parse_accuracy": 0.75,
      "mean_simulated_latency_ms": 2611.602506715145,
      "mean_dead_end_turns": 0
    },
    {
      "tier": 2,
      "scenario_count": 2,
      "booking_completion_rate": 0.5,
      "median_turns": 7.5,
      "median_efficiency_ratio": 9.5,
      "faithful_rate": 1.0,
      "mean_parse_accuracy": 0.25,
      "mean_simulated_latency_ms": 8938.286918570444,
      "mean_dead_end_turns": 6.5
    },
    {
      "tier": 3,
      "scenario_count": 2,
      "booking_completion_rate": 0.5,
      "median_turns": 8.5,
      "median_efficiency_ratio": 575.5,
      "faithful_rate": 0.5,
      "mean_parse_accuracy": 0.25,
      "mean_simulated_latency_ms": 1038641.831152562,
      "mean_dead_end_turns": 4.5
    },
    {
      "tier": 4,
      "scenario_count": 2,
      "booking_completion_rate": 0.5,
      "median_turns": 8.5,
      "median_efficiency_ratio": 3.25,
      "faithful_rate": 1.0,
      "mean_parse_accuracy": 0.25,
      "mean_simulated_latency_ms": 6382.849804188589,
      "mean_dead_end_turns": 1.5
    },
    {
      "tier": 5,
      "scenario_count": 2,
      "booking_completion_rate": 0.0,
      "median_turns": 12.0,
      "median_efficiency_ratio": 5.166666666666667,
      "faithful_rate": 1.0,
      "mean_parse_accuracy": 0.25,
      "mean_simulated_latency_ms": 14348.067593715186,
      "mean_dead_end_turns": 8.5
    },
    {
      "tier": 6,
      "scenario_count": 2,
      "booking_completion_rate": 0.5,
      "median_turns": 7.5,
      "median_efficiency_ratio": 2.5,
      "faithful_rate": 1.0,
      "mean_parse_accuracy": 0.0,
      "mean_simulated_latency_ms": 4675.940069198988,
      "mean_dead_end_turns": 4
    },
    {
      "tier": 7,
      "scenario_count": 2,
      "booking_completion_rate": 0.0,
      "median_turns": 3.5,
      "median_efficiency_ratio": null,
      "faithful_rate": 1.0,
      "mean_parse_accuracy": null,
      "mean_simulated_latency_ms": 435.9587827657942,
      "mean_dead_end_turns": 0
    }
  ],
  "unsupported_facts_total": 2,
  "faithful_count": 13,
  "unfaithful_count": 1,
  "dead_end_turns_total": 50,
  "mean_dead_end_turns": 3.5714285714285716
}
