{
  "run_id": "20260610_192943__weak_nlp_arm1__e4073f5__smoke",
  "stage": "weak_nlp_arm1",
  "judge_model": "gemini-2.5-flash",
  "judge_temperature": 0.3,
  "judge_reps": 1,
  "record_count": 14,
  "scored_count": 14,
  "failed_count": 0,
  "mean_temporal": 3.0714285714285716,
  "mean_negotiation": 1.8888888888888888,
  "mean_efficiency": 2.4285714285714284,
  "mean_customer_experience": 2.4166666666666665,
  "mean_recovery": 1.8,
  "std_temporal": 1.542439911024374,
  "std_negotiation": 0.7817359599705715,
  "std_efficiency": 1.650840611711114,
  "std_customer_experience": 1.5050420310248864,
  "std_recovery": 1.0954451150103321,
  "std_within_temporal": null,
  "std_within_negotiation": null,
  "std_within_efficiency": null,
  "std_within_customer_experience": null,
  "std_within_recovery": null
}
