{
  "run_id": "20260531_154252__nlp_arm1__a00c977__smoke",
  "stage": "nlp_arm1",
  "git_commit": "a00c977a6ec14bc68d1b7e38c1047ea7efeaa317",
  "change_note": "spaCy + dateparser wired into annotate node",
  "timestamp": "2026-05-31T15:52:30.468127Z",
  "scenario_count": 14,
  "record_count": 14,
  "booking_completion_rate": 0.5714285714285714,
  "median_turns": 5.5,
  "median_efficiency_ratio": 3.75,
  "faithful_rate": 1.0,
  "mean_total_simulated_latency_ms": 6616.579249204123,
  "mean_parse_accuracy": 0.22727272727272727,
  "turn_counts": [
    12,
    2,
    5,
    5,
    6,
    4,
    12,
    12,
    12,
    12,
    9,
    5,
    5,
    2
  ],
  "efficiency_ratios": [
    12.0,
    2.0,
    4.0,
    4.0,
    2.5,
    1.5,
    6.0,
    3.0,
    4.0,
    4.0,
    3.5,
    2.5
  ],
  "simulated_latencies_ms": [
    12040.468173236392,
    2881.9735524947537,
    4087.271355238835,
    4106.857902387836,
    4863.373831264355,
    3075.021332708225,
    11969.698646472583,
    5509.309276398129,
    12227.228628407216,
    10665.182893828143,
    7435.3292326565015,
    7339.295032574384,
    6431.099631190371,
    0.0
  ],
  "parse_accuracy_scores": [
    0.0,
    0.0,
    0.0,
    0.5,
    1.0,
    0.5,
    0.0,
    0.0,
    0.5,
    0.0,
    0.0
  ],
  "slots_presented_flat": [
    0,
    0,
    0,
    0,
    0,
    0,
    0,
    0,
    0,
    0,
    0,
    0,
    2,
    2,
    0,
    0,
    0,
    4,
    2,
    0,
    0,
    0,
    3,
    2,
    0,
    0,
    0,
    0,
    2,
    2,
    1,
    1,
    3,
    2,
    0,
    0,
    0,
    0,
    0,
    0,
    0,
    0,
    0,
    0,
    2,
    2,
    1,
    0,
    0,
    0,
    0,
    0,
    0,
    0,
    0,
    0,
    0,
    0,
    0,
    0,
    0,
    0,
    0,
    0,
    0,
    0,
    1,
    1,
    0,
    1,
    0,
    1,
    1,
    1,
    0,
    0,
    0,
    0,
    0,
    0,
    0,
    0,
    0,
    0,
    0,
    0,
    0,
    0,
    0,
    2,
    2,
    0,
    0,
    0,
    2,
    2,
    0,
    0
  ],
  "per_tier": [
    {
      "tier": 1,
      "scenario_count": 2,
      "booking_completion_rate": 0.5,
      "median_turns": 7.0,
      "median_efficiency_ratio": 7.0,
      "faithful_rate": 1.0,
      "mean_parse_accuracy": 0.0,
      "mean_simulated_latency_ms": 7461.220862865573,
      "mean_dead_end_turns": 6
    },
    {
      "tier": 2,
      "scenario_count": 2,
      "booking_completion_rate": 1.0,
      "median_turns": 5.0,
      "median_efficiency_ratio": 4.0,
      "faithful_rate": 1.0,
      "mean_parse_accuracy": 0.0,
      "mean_simulated_latency_ms": 4097.064628813336,
      "mean_dead_end_turns": 3
    },
    {
      "tier": 3,
      "scenario_count": 2,
      "booking_completion_rate": 1.0,
      "median_turns": 5.0,
      "median_efficiency_ratio": 2.0,
      "faithful_rate": 1.0,
      "mean_parse_accuracy": 0.75,
      "mean_simulated_latency_ms": 3969.19758198629,
      "mean_dead_end_turns": 2
    },
    {
      "tier": 4,
      "scenario_count": 2,
      "booking_completion_rate": 0.5,
      "median_turns": 12.0,
      "median_efficiency_ratio": 4.5,
      "faithful_rate": 1.0,
      "mean_parse_accuracy": 0.25,
      "mean_simulated_latency_ms": 8739.503961435355,
      "mean_dead_end_turns": 7
    },
    {
      "tier": 5,
      "scenario_count": 2,
      "booking_completion_rate": 0.0,
      "median_turns": 12.0,
      "median_efficiency_ratio": 4.0,
      "faithful_rate": 1.0,
      "mean_parse_accuracy": 0.25,
      "mean_simulated_latency_ms": 11446.205761117679,
      "mean_dead_end_turns": 9
    },
    {
      "tier": 6,
      "scenario_count": 2,
      "booking_completion_rate": 1.0,
      "median_turns": 7.0,
      "median_efficiency_ratio": 3.0,
      "faithful_rate": 1.0,
      "mean_parse_accuracy": 0.0,
      "mean_simulated_latency_ms": 7387.312132615443,
      "mean_dead_end_turns": 4.5
    },
    {
      "tier": 7,
      "scenario_count": 2,
      "booking_completion_rate": 0.0,
      "median_turns": 3.5,
      "median_efficiency_ratio": null,
      "faithful_rate": 1.0,
      "mean_parse_accuracy": null,
      "mean_simulated_latency_ms": 3215.5498155951855,
      "mean_dead_end_turns": 0
    }
  ],
  "unsupported_facts_total": 0,
  "faithful_count": 14,
  "unfaithful_count": 0,
  "dead_end_turns_total": 63,
  "mean_dead_end_turns": 4.5
}
