{
  "run_id": "20260525_130220__baseline__a00c977__representative",
  "stage": "baseline",
  "judge_model": "gemini-2.5-flash",
  "judge_temperature": 0.3,
  "judge_reps": 1,
  "record_count": 210,
  "scored_count": 210,
  "failed_count": 0,
  "mean_temporal": 4.419047619047619,
  "mean_negotiation": 3.2913907284768213,
  "mean_efficiency": 3.447619047619048,
  "mean_customer_experience": 3.2,
  "mean_recovery": 3.36144578313253,
  "std_temporal": 1.168002034973586,
  "std_negotiation": 1.1809002440144831,
  "std_efficiency": 1.379833929269289,
  "std_customer_experience": 1.4926261959693239,
  "std_recovery": 1.1952988528541473,
  "std_within_temporal": null,
  "std_within_negotiation": null,
  "std_within_efficiency": null,
  "std_within_customer_experience": null,
  "std_within_recovery": null
}
