{
  "run_id": "20260602_214819__nlp_arm1__a00c977__smoke",
  "stage": "nlp_arm1",
  "git_commit": "a00c977a6ec14bc68d1b7e38c1047ea7efeaa317",
  "change_note": "Arm 3 regression: arm1 intact",
  "timestamp": "2026-06-02T21:55:58.316066Z",
  "scenario_count": 14,
  "record_count": 14,
  "booking_completion_rate": 0.6428571428571429,
  "median_turns": 4.0,
  "median_efficiency_ratio": 2.0,
  "faithful_rate": 0.9285714285714286,
  "mean_total_simulated_latency_ms": 4559.684062081239,
  "mean_parse_accuracy": 0.5833333333333334,
  "turn_counts": [
    2,
    2,
    2,
    2,
    5,
    4,
    12,
    12,
    12,
    7,
    3,
    6,
    4,
    3
  ],
  "efficiency_ratios": [
    1.0,
    1.0,
    1.0,
    2.0,
    1.5,
    2.5,
    6.5,
    2.0,
    4.0,
    2.0,
    0.5,
    2.0
  ],
  "simulated_latencies_ms": [
    2407.967611124562,
    2182.4996438957787,
    2061.3586030763963,
    2862.9281631760978,
    3971.2941110483234,
    5106.120120797443,
    12432.657325459093,
    7098.079226379552,
    11379.854543491168,
    7522.523728916617,
    1258.999343952812,
    4242.63650082969,
    1308.6579469898168,
    0.0
  ],
  "parse_accuracy_scores": [
    1.0,
    0.5,
    0.5,
    0.5,
    0.5,
    1.0,
    1.0,
    0.0,
    0.5,
    0.5,
    0.0,
    1.0
  ],
  "slots_presented_flat": [
    1,
    1,
    2,
    2,
    5,
    2,
    3,
    2,
    0,
    0,
    0,
    3,
    1,
    1,
    1,
    1,
    1,
    0,
    0,
    0,
    0,
    0,
    0,
    0,
    0,
    0,
    0,
    0,
    0,
    0,
    2,
    2,
    2,
    8,
    4,
    3,
    4,
    3,
    2,
    6,
    6,
    0,
    0,
    1,
    0,
    0,
    0,
    1,
    0,
    0,
    1,
    0,
    1,
    0,
    0,
    0,
    1,
    1,
    1,
    1,
    1,
    2,
    2,
    0,
    0,
    0,
    0,
    0,
    0,
    0,
    0,
    0
  ],
  "per_tier": [
    {
      "tier": 1,
      "scenario_count": 2,
      "booking_completion_rate": 1.0,
      "median_turns": 2.0,
      "median_efficiency_ratio": 1.0,
      "faithful_rate": 1.0,
      "mean_parse_accuracy": 0.75,
      "mean_simulated_latency_ms": 2295.2336275101707,
      "mean_dead_end_turns": 0
    },
    {
      "tier": 2,
      "scenario_count": 2,
      "booking_completion_rate": 1.0,
      "median_turns": 2.0,
      "median_efficiency_ratio": 1.5,
      "faithful_rate": 1.0,
      "mean_parse_accuracy": 0.5,
      "mean_simulated_latency_ms": 2462.143383126247,
      "mean_dead_end_turns": 0
    },
    {
      "tier": 3,
      "scenario_count": 2,
      "booking_completion_rate": 1.0,
      "median_turns": 4.5,
      "median_efficiency_ratio": 2.0,
      "faithful_rate": 1.0,
      "mean_parse_accuracy": 0.75,
      "mean_simulated_latency_ms": 4538.7071159228835,
      "mean_dead_end_turns": 1
    },
    {
      "tier": 4,
      "scenario_count": 2,
      "booking_completion_rate": 0.0,
      "median_turns": 12.0,
      "median_efficiency_ratio": 4.25,
      "faithful_rate": 0.5,
      "mean_parse_accuracy": 0.5,
      "mean_simulated_latency_ms": 9765.368275919322,
      "mean_dead_end_turns": 6
    },
    {
      "tier": 5,
      "scenario_count": 2,
      "booking_completion_rate": 0.5,
      "median_turns": 9.5,
      "median_efficiency_ratio": 3.0,
      "faithful_rate": 1.0,
      "mean_parse_accuracy": 0.5,
      "mean_simulated_latency_ms": 9451.189136203893,
      "mean_dead_end_turns": 5.5
    },
    {
      "tier": 6,
      "scenario_count": 2,
      "booking_completion_rate": 1.0,
      "median_turns": 4.5,
      "median_efficiency_ratio": 1.25,
      "faithful_rate": 1.0,
      "mean_parse_accuracy": 0.5,
      "mean_simulated_latency_ms": 2750.817922391251,
      "mean_dead_end_turns": 1
    },
    {
      "tier": 7,
      "scenario_count": 2,
      "booking_completion_rate": 0.0,
      "median_turns": 3.5,
      "median_efficiency_ratio": null,
      "faithful_rate": 1.0,
      "mean_parse_accuracy": null,
      "mean_simulated_latency_ms": 654.3289734949084,
      "mean_dead_end_turns": 0
    }
  ],
  "unsupported_facts_total": 16,
  "faithful_count": 13,
  "unfaithful_count": 1,
  "dead_end_turns_total": 27,
  "mean_dead_end_turns": 1.9285714285714286
}
