{
  "run_id": "20260606_222357__nlp_arm1__e1626fa__representative_reduced",
  "stage": "nlp_arm1",
  "git_commit": "e1626fa4f1e33c633e84186a822bc2d5c6e78d0a",
  "change_note": "Arm 1 (spaCy + dateparser) reduced representative vs corrected baseline e1626fa",
  "timestamp": "2026-06-06T23:40:24.913615Z",
  "scenario_count": 60,
  "record_count": 120,
  "booking_completion_rate": 0.6333333333333333,
  "median_turns": 5.0,
  "median_efficiency_ratio": 2.3333333333333335,
  "faithful_rate": 0.9416666666666667,
  "mean_total_simulated_latency_ms": 9607.058014339687,
  "mean_parse_accuracy": 0.435,
  "turn_counts": [
    3,
    3,
    2,
    2,
    2,
    2,
    2,
    12,
    2,
    2,
    11,
    12,
    12,
    12,
    6,
    3,
    12,
    3,
    2,
    2,
    12,
    12,
    12,
    12,
    4,
    4,
    5,
    4,
    4,
    5,
    5,
    8,
    5,
    3,
    3,
    12,
    4,
    4,
    12,
    5,
    7,
    3,
    4,
    4,
    3,
    3,
    6,
    11,
    2,
    3,
    7,
    10,
    8,
    8,
    4,
    8,
    10,
    7,
    12,
    12,
    6,
    12,
    12,
    7,
    12,
    7,
    5,
    5,
    11,
    6,
    12,
    12,
    8,
    5,
    5,
    6,
    12,
    8,
    6,
    6,
    12,
    5,
    6,
    4,
    2,
    3,
    12,
    4,
    12,
    12,
    7,
    7,
    12,
    5,
    7,
    5,
    5,
    4,
    3,
    3,
    9,
    3,
    4,
    12,
    5,
    4,
    3,
    5,
    5,
    3,
    3,
    4,
    3,
    4,
    3,
    5,
    4,
    4,
    3,
    4
  ],
  "efficiency_ratios": [
    2.0,
    2.0,
    1.0,
    2.0,
    1.0,
    1.0,
    2.0,
    12.0,
    1.0,
    1.0,
    10.0,
    12.0,
    12.0,
    2.0,
    9.0,
    2.0,
    10.0,
    2.0,
    1.0,
    1.0,
    5.5,
    9.0,
    2.5,
    3.5,
    1.5,
    1.5,
    2.0,
    1.5,
    1.5,
    2.0,
    2.0,
    3.5,
    2.0,
    1.5,
    2.5,
    4.0,
    2.0,
    1.0,
    6.0,
    3.5,
    2.5,
    1.5,
    2.0,
    2.0,
    0.5,
    0.5,
    1.0,
    86.0,
    0.5,
    2.0,
    2.5,
    4.5,
    3.5,
    3.0,
    2.0,
    3.0,
    6.0,
    2.5,
    6.0,
    4.0,
    2.3333333333333335,
    4.0,
    5.0,
    2.3333333333333335,
    9.666666666666666,
    2.3333333333333335,
    1.3333333333333333,
    1.6666666666666667,
    4.333333333333333,
    1.3333333333333333,
    4.0,
    4.0,
    2.6666666666666665,
    1.3333333333333333,
    2.0,
    4.666666666666667,
    4.666666666666667,
    3.3333333333333335,
    1.6666666666666667,
    1.3333333333333333,
    6.5,
    3.5,
    2.5,
    1.5,
    0.5,
    1.0,
    5.5,
    1.5,
    17.0,
    6.0,
    3.0,
    2.5,
    23.0,
    3.5,
    2.5,
    1.5,
    2.5,
    1.5,
    0.5,
    0.5
  ],
  "simulated_latencies_ms": [
    3198.960837626263,
    2833.6869108978995,
    2143.5979636212414,
    2947.621031841114,
    2103.32555770008,
    1386.0892861703032,
    2724.863890794778,
    11506.122536484794,
    2148.1195973479907,
    1370.3976445880037,
    10331.29559332239,
    11691.682732924728,
    20672.224104373574,
    2305.3479513572574,
    13998.424676742321,
    2984.884738256649,
    9184.479757909012,
    3003.7843142488077,
    1195.552505948802,
    2373.440056118518,
    10938.181770255876,
    21185.80463516893,
    6058.797284551258,
    11233.351400752648,
    4112.164461966127,
    3216.9165219844194,
    4790.893704277246,
    3946.310629580651,
    3906.8051219279823,
    4116.762871854442,
    4813.841821109918,
    7715.153624287533,
    4159.568955289253,
    4016.4133379406735,
    6692.747461196846,
    9106.319060105987,
    5051.275076167586,
    2646.428657841932,
    11049.033706668035,
    8607.738133069652,
    5269.0303028619455,
    8127.226277371443,
    4907.740130418016,
    4823.92197791398,
    1361.2813628131405,
    2164.9865932640655,
    3287.6035925439146,
    327470.9965404465,
    2223.9261622014233,
    5043.953253254761,
    5547.5313631953595,
    9352.347330515753,
    7429.6063082076125,
    6795.413662135244,
    4521.9253925032235,
    6469.703816206815,
    16808.84583054463,
    5995.735864823097,
    14532.693861767959,
    9230.283928015959,
    10705.474257912407,
    10693.146784267876,
    15611.45824238475,
    9320.116142959994,
    27071.842399883117,
    9541.343935596891,
    5090.787282421922,
    6159.707480944021,
    14696.973187355508,
    4895.697329439312,
    11803.344158780978,
    10584.607174700228,
    9412.218270501848,
    4781.003234031186,
    8368.367049840146,
    18760.440173710853,
    20273.21550715157,
    13559.220645110398,
    5699.4103994494435,
    3912.147120796034,
    13148.755188652345,
    8497.853594769373,
    4938.643975834728,
    3221.842764506012,
    1299.2730608866439,
    2572.408017044209,
    12702.984756839933,
    5269.026608884938,
    41555.474815863345,
    11615.114322681122,
    5927.020326960431,
    5577.700280073654,
    41399.09338548237,
    10038.804152913803,
    5156.659286714768,
    3131.0058351969556,
    4866.767969451563,
    5785.179796868703,
    1201.1055701325156,
    1346.6117498515446,
    7965.717684470374,
    2040.4675522933862,
    5613.812392052954,
    10493.666058816636,
    2811.0588739313025,
    2277.593920563654,
    803.3025773690995,
    814.0607913017816,
    1660.6904435354404,
    1347.845230582305,
    0.0,
    0.0,
    0.0,
    832.9168016466774,
    2601.139768740106,
    1769.8308425234782,
    1161.4946832647947,
    791.8828891602009,
    0.0,
    836.4714983865606
  ],
  "parse_accuracy_scores": [
    0.5,
    0.5,
    0.5,
    1.0,
    1.0,
    1.0,
    0.5,
    0.0,
    0.5,
    0.5,
    1.0,
    1.0,
    0.0,
    0.0,
    1.0,
    1.0,
    0.0,
    0.5,
    0.5,
    0.5,
    0.5,
    0.5,
    0.0,
    0.0,
    0.5,
    0.5,
    0.5,
    0.5,
    0.5,
    1.0,
    0.5,
    0.0,
    1.0,
    0.5,
    0.0,
    0.0,
    0.5,
    0.5,
    0.0,
    0.0,
    0.0,
    0.0,
    0.0,
    0.0,
    0.5,
    0.5,
    0.5,
    0.0,
    1.0,
    0.0,
    1.0,
    0.0,
    1.0,
    1.0,
    0.0,
    0.0,
    0.5,
    0.5,
    0.0,
    0.0,
    0.5,
    1.0,
    1.0,
    1.0,
    0.0,
    0.0,
    0.0,
    0.0,
    0.0,
    1.0,
    1.0,
    1.0,
    0.0,
    0.0,
    0.0,
    0.0,
    0.0,
    1.0,
    0.5,
    1.0,
    0.0,
    0.0,
    1.0,
    1.0,
    1.0,
    0.5,
    0.5,
    0.0,
    0.0,
    0.0,
    0.0,
    1.0,
    0.0,
    0.0,
    0.5,
    0.5,
    1.0,
    0.5,
    0.5,
    1.0
  ],