{
  "run_id": "20260608_214615__nlp_arm3_expansion__4eadd22__smoke",
  "stage": "nlp_arm3_expansion",
  "git_commit": "4eadd224731d6ca2e14bbdba907c056363f2f4ce",
  "change_note": "SMOKE: Arm 3 NLP + window-expansion wiring check",
  "timestamp": "2026-06-08T22:04:10.742793Z",
  "scenario_count": 14,
  "record_count": 14,
  "booking_completion_rate": 0.7142857142857143,
  "median_turns": 3.0,
  "median_efficiency_ratio": 2.0,
  "faithful_rate": 1.0,
  "mean_total_simulated_latency_ms": 26142.625794018524,
  "mean_parse_accuracy": 0.5833333333333334,
  "turn_counts": [
    1,
    2,
    2,
    2,
    3,
    3,
    8,
    12,
    8,
    6,
    3,
    3,
    4,
    4
  ],
  "efficiency_ratios": [
    1.0,
    1.0,
    2.0,
    2.0,
    1.5,
    1.5,
    71.5,
    9.0,
    7.666666666666667,
    1.3333333333333333,
    3.0,
    3.5
  ],
  "simulated_latencies_ms": [
    2061.6894489531605,
    2141.747583169083,
    3078.875926875318,
    3110.6396116607807,
    3629.1950469367684,
    3576.6255654916768,
    261411.90740571384,
    22814.531838846222,
    30738.683972979314,
    4642.294653107144,
    9236.673062783191,
    9862.583420419664,
    8910.705232425491,
    780.6083468977024
  ],
  "parse_accuracy_scores": [
    1.0,
    1.0,
    0.5,
    1.0,
    0.5,
    1.0,
    1.0,
    0.0,
    0.5,
    0.5,
    0.0,
    0.0
  ],
  "slots_presented_flat": [
    1,
    1,
    1,
    4,
    1,
    0,
    0,
    5,
    5,
    1,
    5,
    5,
    1,
    0,
    0,
    0,
    0,
    0,
    0,
    0,
    0,
    1,
    0,
    0,
    0,
    0,
    0,
    0,
    0,
    0,
    0,
    0,
    0,
    4,
    7,
    7,
    7,
    7,
    0,
    7,
    2,
    3,
    5,
    5,
    5,
    4,
    2,
    0,
    2,
    2,
    0,
    5,
    2,
    0,
    1,
    1,
    1,
    0,
    0,
    0,
    0
  ],
  "per_tier": [
    {
      "tier": 1,
      "scenario_count": 2,
      "booking_completion_rate": 1.0,
      "median_turns": 1.5,
      "median_efficiency_ratio": 1.0,
      "faithful_rate": 1.0,
      "mean_parse_accuracy": 1.0,
      "mean_simulated_latency_ms": 2101.7185160611216,
      "mean_dead_end_turns": 0
    },
    {
      "tier": 2,
      "scenario_count": 2,
      "booking_completion_rate": 1.0,
      "median_turns": 2.0,
      "median_efficiency_ratio": 2.0,
      "faithful_rate": 1.0,
      "mean_parse_accuracy": 0.75,
      "mean_simulated_latency_ms": 3094.7577692680493,
      "mean_dead_end_turns": 0.5
    },
    {
      "tier": 3,
      "scenario_count": 2,
      "booking_completion_rate": 1.0,
      "median_turns": 3.0,
      "median_efficiency_ratio": 1.5,
      "faithful_rate": 1.0,
      "mean_parse_accuracy": 0.75,
      "mean_simulated_latency_ms": 3602.9103062142226,
      "mean_dead_end_turns": 0
    },
    {
      "tier": 4,
      "scenario_count": 2,
      "booking_completion_rate": 0.0,
      "median_turns": 10.0,
      "median_efficiency_ratio": 40.25,
      "faithful_rate": 1.0,
      "mean_parse_accuracy": 0.5,
      "mean_simulated_latency_ms": 142113.21962228004,
      "mean_dead_end_turns": 4.5
    },
    {
      "tier": 5,
      "scenario_count": 2,
      "booking_completion_rate": 1.0,
      "median_turns": 7.0,
      "median_efficiency_ratio": 4.5,
      "faithful_rate": 1.0,
      "mean_parse_accuracy": 0.5,
      "mean_simulated_latency_ms": 17690.48931304323,
      "mean_dead_end_turns": 0.5
    },
    {
      "tier": 6,
      "scenario_count": 2,
      "booking_completion_rate": 1.0,
      "median_turns": 3.0,
      "median_efficiency_ratio": 3.25,
      "faithful_rate": 1.0,
      "mean_parse_accuracy": 0.0,
      "mean_simulated_latency_ms": 9549.628241601427,
      "mean_dead_end_turns": 1
    },
    {
      "tier": 7,
      "scenario_count": 2,
      "booking_completion_rate": 0.0,
      "median_turns": 4.0,
      "median_efficiency_ratio": null,
      "faithful_rate": 1.0,
      "mean_parse_accuracy": null,
      "mean_simulated_latency_ms": 4845.656789661597,
      "mean_dead_end_turns": 0
    }
  ],
  "unsupported_facts_total": 0,
  "faithful_count": 14,
  "unfaithful_count": 0,
  "dead_end_turns_total": 13,
  "mean_dead_end_turns": 0.9285714285714286
}
