{
  "run_id": "20260602_213909__baseline__a00c977__smoke",
  "stage": "baseline",
  "git_commit": "a00c977a6ec14bc68d1b7e38c1047ea7efeaa317",
  "change_note": "Arm 3 flags-off coexistence",
  "timestamp": "2026-06-02T21:48:07.446621Z",
  "scenario_count": 14,
  "record_count": 14,
  "booking_completion_rate": 0.6428571428571429,
  "median_turns": 4.0,
  "median_efficiency_ratio": 2.0,
  "faithful_rate": 1.0,
  "mean_total_simulated_latency_ms": 10152.708400890177,
  "mean_parse_accuracy": 0.25,
  "turn_counts": [
    2,
    2,
    3,
    12,
    5,
    4,
    2,
    12,
    12,
    6,
    3,
    5,
    3,
    4
  ],
  "efficiency_ratios": [
    1.0,
    1.0,
    1.0,
    12.0,
    2.0,
    2.0,
    2.0,
    5.5,
    16.333333333333332,
    1.6666666666666667,
    1.5,
    2.5
  ],
  "simulated_latencies_ms": [
    2129.931478503759,
    2127.1133223539728,
    1393.7592535621318,
    11480.749292239665,
    4486.927529909115,
    5043.144260613328,
    5119.681721718739,
    10563.486320238357,
    79048.16870909867,
    6153.513223263548,
    4032.6454287977317,
    9750.167581097261,
    0.0,
    808.6294910661851
  ],
  "parse_accuracy_scores": [
    1.0,
    1.0,
    0.5,
    0.0,
    0.5,
    0.0,
    0.0,
    0.0,
    0.0,
    0.0,
    0.0,
    0.0
  ],
  "slots_presented_flat": [
    2,
    2,
    2,
    2,
    0,
    4,
    2,
    0,
    0,
    0,
    0,
    0,
    0,
    0,
    0,
    0,
    0,
    0,
    0,
    1,
    0,
    0,
    3,
    1,
    1,
    2,
    2,
    2,
    2,
    2,
    1,
    1,
    1,
    0,
    1,
    1,
    2,
    0,
    0,
    0,
    0,
    0,
    0,
    0,
    0,
    4,
    0,
    0,
    1,
    0,
    0,
    0,
    0,
    3,
    0,
    1,
    0,
    2,
    2,
    2,
    0,
    2,
    2,
    0,
    0,
    0,
    0,
    0,
    0,
    0,
    0,
    0,
    0,
    0,
    0
  ],
  "per_tier": [
    {
      "tier": 1,
      "scenario_count": 2,
      "booking_completion_rate": 1.0,
      "median_turns": 2.0,
      "median_efficiency_ratio": 1.0,
      "faithful_rate": 1.0,
      "mean_parse_accuracy": 1.0,
      "mean_simulated_latency_ms": 2128.5224004288657,
      "mean_dead_end_turns": 0
    },
    {
      "tier": 2,
      "scenario_count": 2,
      "booking_completion_rate": 0.5,
      "median_turns": 7.5,
      "median_efficiency_ratio": 6.5,
      "faithful_rate": 1.0,
      "mean_parse_accuracy": 0.25,
      "mean_simulated_latency_ms": 6437.254272900898,
      "mean_dead_end_turns": 6
    },
    {
      "tier": 3,
      "scenario_count": 2,
      "booking_completion_rate": 1.0,
      "median_turns": 4.5,
      "median_efficiency_ratio": 2.0,
      "faithful_rate": 1.0,
      "mean_parse_accuracy": 0.25,
      "mean_simulated_latency_ms": 4765.035895261221,
      "mean_dead_end_turns": 1
    },
    {
      "tier": 4,
      "scenario_count": 2,
      "booking_completion_rate": 0.5,
      "median_turns": 7.0,
      "median_efficiency_ratio": 3.75,
      "faithful_rate": 1.0,
      "mean_parse_accuracy": 0.0,
      "mean_simulated_latency_ms": 7841.584020978547,
      "mean_dead_end_turns": 3
    },
    {
      "tier": 5,
      "scenario_count": 2,
      "booking_completion_rate": 0.5,
      "median_turns": 9.0,
      "median_efficiency_ratio": 9.0,
      "faithful_rate": 1.0,
      "mean_parse_accuracy": 0.0,
      "mean_simulated_latency_ms": 42600.84096618111,
      "mean_dead_end_turns": 5.5
    },
    {
      "tier": 6,
      "scenario_count": 2,
      "booking_completion_rate": 1.0,
      "median_turns": 4.0,
      "median_efficiency_ratio": 2.0,
      "faithful_rate": 1.0,
      "mean_parse_accuracy": 0.0,
      "mean_simulated_latency_ms": 6891.406504947497,
      "mean_dead_end_turns": 1.5
    },
    {
      "tier": 7,
      "scenario_count": 2,
      "booking_completion_rate": 0.0,
      "median_turns": 3.5,
      "median_efficiency_ratio": null,
      "faithful_rate": 1.0,
      "mean_parse_accuracy": null,
      "mean_simulated_latency_ms": 404.31474553309255,
      "mean_dead_end_turns": 0
    }
  ],
  "unsupported_facts_total": 0,
  "faithful_count": 14,
  "unfaithful_count": 0,
  "dead_end_turns_total": 34,
  "mean_dead_end_turns": 2.4285714285714284
}
