{
  "run_id": "20260606_234404__nlp_arm3__e1626fa__representative_reduced",
  "stage": "nlp_arm3",
  "git_commit": "e1626fa4f1e33c633e84186a822bc2d5c6e78d0a",
  "change_note": "Arm 3 (Gemini JSON, exact_time guard) reduced representative vs corrected baseline e1626fa",
  "timestamp": "2026-06-07T01:46:50.051974Z",
  "scenario_count": 60,
  "record_count": 120,
  "booking_completion_rate": 0.5916666666666667,
  "median_turns": 6.0,
  "median_efficiency_ratio": 2.6666666666666665,
  "faithful_rate": 0.9416666666666667,
  "mean_total_simulated_latency_ms": 15887.57411276658,
  "mean_parse_accuracy": 0.46464646464646464,
  "turn_counts": [
    3,
    3,
    2,
    2,
    2,
    2,
    12,
    12,
    2,
    2,
    12,
    9,
    12,
    12,
    12,
    3,
    12,
    4,
    2,
    2,
    12,
    12,
    12,
    12,
    4,
    4,
    5,
    5,
    4,
    12,
    5,
    11,
    4,
    4,
    4,
    3,
    3,
    3,
    12,
    6,
    7,
    8,
    4,
    4,
    3,
    2,
    12,
    12,
    2,
    3,
    12,
    5,
    6,
    6,
    12,
    7,
    5,
    7,
    12,
    12,
    7,
    7,
    12,
    12,
    11,
    9,
    9,
    5,
    9,
    6,
    10,
    6,
    5,
    5,
    12,
    7,
    6,
    8,
    7,
    5,
    12,
    10,
    6,
    7,
    3,
    2,
    12,
    3,
    12,
    12,
    8,
    12,
    12,
    4,
    5,
    8,
    7,
    6,
    3,
    3,
    5,
    4,
    4,
    4,
    4,
    5,
    4,
    6,
    5,
    7,
    4,
    3,
    6,
    5,
    5,
    6,
    4,
    3,
    4,
    4
  ],
  "efficiency_ratios": [
    2.0,
    2.0,
    1.0,
    1.0,
    1.0,
    1.0,
    12.0,
    12.0,
    1.0,
    1.0,
    11.0,
    8.0,
    2.0,
    5.0,
    3.0,
    12.0,
    2.0,
    1.0,
    1.0,
    4.0,
    5.5,
    5.0,
    7.0,
    1.5,
    1.5,
    2.0,
    2.5,
    1.5,
    6.5,
    2.0,
    5.0,
    1.5,
    1.5,
    3.0,
    1.0,
    2.5,
    1.5,
    64.0,
    3.5,
    2.5,
    4.5,
    1.5,
    1.5,
    0.5,
    0.5,
    5.5,
    6.5,
    0.5,
    1.0,
    67.5,
    2.5,
    2.0,
    2.0,
    6.0,
    4.5,
    3.0,
    3.5,
    13.5,
    4.0,
    2.0,
    2.0,
    4.0,
    4.0,
    3.6666666666666665,
    3.0,
    2.6666666666666665,
    1.3333333333333333,
    1.6666666666666667,
    1.3333333333333333,
    51.333333333333336,
    3.3333333333333335,
    1.3333333333333333,
    1.3333333333333333,
    2.6666666666666665,
    2.6666666666666665,
    78.33333333333333,
    3.0,
    2.0,
    1.6666666666666667,
    5.0,
    7.0,
    3.0,
    3.0,
    1.0,
    0.5,
    6.0,
    2.0,
    43.5,
    7.5,
    3.5,
    10.5,
    9.0,
    3.0,
    2.5,
    3.5,
    3.0,
    3.5,
    0.5,
    0.5
  ],
  "simulated_latencies_ms": [
    2755.48992519997,
    2972.668894014689,
    1890.307629515742,
    2016.7489439275105,
    2294.1090986103172,
    1187.1124078625319,
    10802.50964382471,
    11068.85960859387,
    2043.6155435018475,
    2165.075320848661,
    10639.865470708757,
    7725.983900708731,
    5301.100703951747,
    5304.626684520676,
    10778.260582885407,
    3596.71994525077,
    12303.434477453227,
    2446.2256148078272,
    2011.2323180297499,
    1994.363462540863,
    8091.437642284237,
    16075.691132887177,
    13280.355437843786,
    19361.320238146112,
    3139.701191797639,
    4059.645585028108,
    4114.507035307848,
    4962.37803070767,
    3723.0980034627237,
    12733.567951836707,
    4557.090994556629,
    13167.132399852211,
    3116.893673746219,
    3637.857507445255,
    8637.133629220574,
    4076.79271927682,
    4921.460910095825,
    4541.223788580799,
    230765.7856603815,
    7699.649784671557,
    5753.140577567448,
    8442.18140761878,
    3074.154110231115,
    3095.8228136396865,
    2164.764925068383,
    1341.5751034981945,
    11875.552521189493,
    11557.732868240964,
    1370.4792732102137,
    1994.6692122336797,
    246915.77442933453,
    5055.357763946814,
    4050.6230411290685,
    3933.293183360387,
    11335.067850590734,
    8647.065619743114,
    10044.779859111753,
    9164.475784442726,
    37322.336746693334,
    12850.871366479085,
    5868.2895618174925,
    6893.228152663527,
    10853.47864335955,
    14987.115352470308,
    13493.717237769453,
    9425.434854797182,
    7779.098581792953,
    3941.1029033426285,
    4878.681195769587,
    4635.171152019073,
    247720.04829291574,
    9643.310017909616,
    3850.5958217635407,
    3951.4473665455307,
    9815.52459448946,
    9437.862247639385,
    212516.68085997927,
    9325.45994581597,
    6305.327713058825,
    5716.090432744816,
    10625.368181001018,
    14828.803748800907,
    5861.20823763245,
    6658.93981127406,
    2165.850726575532,
    1452.6433617543237,
    12324.097105395444,
    7140.367636410961,
    153951.3333592666,
    14144.533180157572,
    7394.831073135716,
    23061.153720776543,
    18297.407959800003,
    9770.084643922044,
    4772.575455461356,
    6895.200120840316,
    6546.98714084249,
    6652.60774738918,
    2146.568962335763,
    2597.4596829789634,
    2579.8400681560297,
    1559.6693212788632,
    1700.7634789846343,
    1638.9678635082855,
    2733.419125801869,
    2647.51444160158,
    835.9608201591232,
    842.03466753845,
    1774.7017633702035,
    5234.8506414769245,
    799.8238644875016,
    0.0,
    6277.631207111092,
    762.298637048576,
    3976.497562075031,
    3520.0735343552296,
    64831.456839947175,
    0.0,
    1255.645154602361,
    9261.305804855036
  ],
  "parse_accuracy_scores": [
    0.5,
    0.5,
    0.5,
    1.0,
    1.0,
    1.0,
    0.0,
    0.0,
    0.5,
    0.5,
    1.0,
    1.0,
    0.0,
    0.0,
    1.0,
    0.0,
    1.0,
    0.5,
    0.5,
    0.5,
    0.5,
    0.0,
    0.0,
    0.5,
    0.5,
    0.5,
    0.5,
    1.0,
    0.5,
    1.0,
    0.0,
    1.0,
    0.5,
    0.0,
    0.0,
    1.0,
    1.0,
    0.0,
    0.0,
    1.0,
    0.0,
    0.0,
    0.0,
    1.0,
    1.0,
    0.0,
    0.0,
    1.0,
    0.5,
    1.0,
    1.0,
    1.0,
    1.0,
    0.0,
    0.0,
    0.0,
    1.0,
    0.0,
    0.0,
    0.5,
    1.0,
    0.5,
    0.5,
    0.0,
    0.0,
    0.0,
    0.0,
    1.0,
    1.0,
    0.5,
    0.5,
    0.0,
    0.0,
    0.0,
    0.0,
    1.0,
    1.0,
    1.0,
    1.0,
    0.0,
    0.0,
    1.0,
    0.0,
    0.5,
    1.0,
    0.0,
    0.0,
    1.0,
    0.0,
    0.0,
    0.0,
    0.0,
    0.0,
    0.0,
    0.0,
    1.0,
    1.0,
    1.0,
    1.0
  ],