{
  "run_id": "20260606_183111__baseline__4510344__canary",
  "stage": "baseline",
  "git_commit": "4510344fa7f7c909ef816685cfc5b7453b57f509",
  "change_note": "Phase B all-tiers canary (pre-baseline gate; runaway guard active)",
  "timestamp": "2026-06-06T18:47:16.631636Z",
  "scenario_count": 21,
  "record_count": 21,
  "booking_completion_rate": 0.38095238095238093,
  "median_turns": 10,
  "median_efficiency_ratio": 4.666666666666666,
  "faithful_rate": 1.0,
  "mean_total_simulated_latency_ms": 11338.511523799136,
  "mean_parse_accuracy": 0.19444444444444445,
  "turn_counts": [
    12,
    3,
    12,
    12,
    12,
    12,
    3,
    3,
    4,
    12,
    8,
    10,
    12,
    12,
    12,
    12,
    8,
    5,
    3,
    3,
    4
  ],
  "efficiency_ratios": [
    11.0,
    2.0,
    12.0,
    13.0,
    12.0,
    11.0,
    1.5,
    1.0,
    2.0,
    6.5,
    4.0,
    5.0,
    13.0,
    4.0,
    4.333333333333333,
    10.0,
    3.5,
    2.0
  ],
  "simulated_latencies_ms": [
    10738.337617675994,
    3480.646055667957,
    11732.764256859778,
    12870.109416074314,
    11330.070208495512,
    11287.005996606145,
    3909.1821913531367,
    3425.829714484642,
    4773.903346333047,
    12629.411300766384,
    10957.438824656774,
    10738.871571731624,
    62185.41439702288,
    12222.005400627155,
    13511.085096589342,
    29435.226304473144,
    7521.718482628948,
    4690.3340965004745,
    0.0,
    0.0,
    669.3877212345847
  ],
  "parse_accuracy_scores": [
    0.0,
    0.0,
    0.0,
    0.0,
    0.5,
    0.0,
    1.0,
    0.0,
    1.0,
    0.0,
    0.0,
    0.0,
    0.0,
    0.5,
    0.0,
    0.0,
    0.0,
    0.5
  ],
  "slots_presented_flat": [
    1,
    0,
    0,
    0,
    0,
    0,
    0,
    0,
    0,
    0,
    0,
    0,
    0,
    2,
    2,
    1,
    0,
    0,
    0,
    0,
    0,
    0,
    0,
    0,
    0,
    0,
    0,
    0,
    0,
    0,
    0,
    0,
    0,
    0,
    0,
    0,
    0,
    0,
    0,
    2,
    1,
    0,
    0,
    0,
    0,
    0,
    0,
    0,
    0,
    0,
    0,
    1,
    0,
    0,
    1,
    0,
    0,
    1,
    0,
    0,
    1,
    0,
    0,
    0,
    2,
    2,
    0,
    2,
    2,
    1,
    0,
    3,
    2,
    0,
    0,
    0,
    0,
    0,
    0,
    0,
    0,
    0,
    0,
    0,
    0,
    0,
    0,
    0,
    0,
    0,
    0,
    2,
    2,
    0,
    0,
    0,
    0,
    0,
    0,
    0,
    0,
    2,
    2,
    1,
    1,
    0,
    1,
    0,
    0,
    0,
    0,
    0,
    0,
    0,
    0,
    0,
    0,
    0,
    0,
    0,
    0,
    0,
    0,
    0,
    0,
    0,
    0,
    0,
    0,
    0,
    0,
    0,
    0,
    0,
    0,
    0,
    0,
    0,
    0,
    0,
    0,
    0,
    0,
    0,
    0,
    0,
    0,
    0,
    0,
    0,
    0,
    0,
    0,
    0,
    0,
    0,
    0,
    0,
    0,
    0,
    0,
    0,
    2,
    1,
    0,
    0,
    0,
    0,
    0,
    0,
    0,
    0,
    0,
    0
  ],
  "per_tier": [
    {
      "tier": 1,
      "scenario_count": 3,
      "booking_completion_rate": 0.3333333333333333,
      "median_turns": 12,
      "median_efficiency_ratio": 11.0,
      "faithful_rate": 1.0,
      "mean_parse_accuracy": 0.0,
      "mean_simulated_latency_ms": 8650.582643401243,
      "mean_dead_end_turns": 7.333333333333333
    },
    {
      "tier": 2,
      "scenario_count": 3,
      "booking_completion_rate": 0.0,
      "median_turns": 12,
      "median_efficiency_ratio": 12.0,
      "faithful_rate": 1.0,
      "mean_parse_accuracy": 0.16666666666666666,
      "mean_simulated_latency_ms": 11829.061873725324,
      "mean_dead_end_turns": 9.666666666666666
    },
    {
      "tier": 3,
      "scenario_count": 3,
      "booking_completion_rate": 1.0,
      "median_turns": 3,
      "median_efficiency_ratio": 1.5,
      "faithful_rate": 1.0,
      "mean_parse_accuracy": 0.6666666666666666,
      "mean_simulated_latency_ms": 4036.3050840569417,
      "mean_dead_end_turns": 1
    },
    {
      "tier": 4,
      "scenario_count": 3,
      "booking_completion_rate": 0.6666666666666666,
      "median_turns": 10,
      "median_efficiency_ratio": 5.0,
      "faithful_rate": 1.0,
      "mean_parse_accuracy": 0.0,
      "mean_simulated_latency_ms": 11441.907232384927,
      "mean_dead_end_turns": 8.666666666666666
    },
    {
      "tier": 5,
      "scenario_count": 3,
      "booking_completion_rate": 0.0,
      "median_turns": 12,
      "median_efficiency_ratio": 4.333333333333333,
      "faithful_rate": 1.0,
      "mean_parse_accuracy": 0.16666666666666666,
      "mean_simulated_latency_ms": 29306.168298079792,
      "mean_dead_end_turns": 9.666666666666666
    },
    {
      "tier": 6,
      "scenario_count": 3,
      "booking_completion_rate": 0.6666666666666666,
      "median_turns": 8,
      "median_efficiency_ratio": 3.5,
      "faithful_rate": 1.0,
      "mean_parse_accuracy": 0.16666666666666666,
      "mean_simulated_latency_ms": 13882.426294534189,
      "mean_dead_end_turns": 5
    },
    {
      "tier": 7,
      "scenario_count": 3,
      "booking_completion_rate": 0.0,
      "median_turns": 3,
      "median_efficiency_ratio": null,
      "faithful_rate": 1.0,
      "mean_parse_accuracy": null,
      "mean_simulated_latency_ms": 223.12924041152823,
      "mean_dead_end_turns": 0
    }
  ],
  "unsupported_facts_total": 0,
  "faithful_count": 21,
  "unfaithful_count": 0,
  "dead_end_turns_total": 124,
  "mean_dead_end_turns": 5.904761904761905
}
