{
  "run_id": "20260606_202154__baseline__e1626fa__canary",
  "stage": "baseline",
  "git_commit": "e1626fa4f1e33c633e84186a822bc2d5c6e78d0a",
  "change_note": "Phase B canary re-run after calque fix (e1626fa)",
  "timestamp": "2026-06-06T20:42:22.667741Z",
  "scenario_count": 21,
  "record_count": 21,
  "booking_completion_rate": 0.6190476190476191,
  "median_turns": 4,
  "median_efficiency_ratio": 1.8333333333333335,
  "faithful_rate": 1.0,
  "mean_total_simulated_latency_ms": 15578.47012215953,
  "mean_parse_accuracy": 0.3888888888888889,
  "turn_counts": [
    12,
    2,
    1,
    3,
    12,
    4,
    3,
    2,
    4,
    9,
    2,
    12,
    8,
    11,
    4,
    12,
    4,
    5,
    3,
    5,
    3
  ],
  "efficiency_ratios": [
    20.0,
    1.0,
    1.0,
    2.0,
    12.0,
    3.0,
    1.5,
    0.5,
    1.5,
    104.5,
    0.5,
    6.5,
    1.6666666666666667,
    5.333333333333333,
    1.3333333333333333,
    7.0,
    1.0,
    2.0
  ],
  "simulated_latencies_ms": [
    18806.662340976854,
    2587.033991933257,
    2225.7023013928574,
    2939.4557485220807,
    11945.720531381026,
    3885.859046437879,
    2947.049549985591,
    2079.346256398083,
    3777.109630360976,
    188548.1979231028,
    1709.4295254733725,
    12436.775469417104,
    5977.68050540319,
    24634.16301099338,
    4657.824298172784,
    25332.714861177312,
    3142.419178888872,
    4661.553112229482,
    0.0,
    3919.2715980008616,
    933.9036851023657
  ],
  "parse_accuracy_scores": [
    0.5,
    1.0,
    1.0,
    1.0,
    0.5,
    0.0,
    1.0,
    0.0,
    0.5,
    0.0,
    0.5,
    0.0,
    0.0,
    0.5,
    0.0,
    0.0,
    0.0,
    0.5
  ],
  "slots_presented_flat": [
    0,
    0,
    0,
    0,
    0,
    0,
    0,
    0,
    0,
    0,
    0,
    0,
    2,
    2,
    2,
    5,
    2,
    2,
    1,
    0,
    0,
    0,
    0,
    0,
    0,
    0,
    0,
    0,
    0,
    0,
    1,
    0,
    4,
    2,
    0,
    2,
    2,
    5,
    2,
    1,
    0,
    0,
    0,
    0,
    0,
    0,
    0,
    0,
    0,
    0,
    0,
    0,
    4,
    2,
    0,
    0,
    0,
    0,
    0,
    0,
    0,
    0,
    0,
    0,
    0,
    0,
    1,
    1,
    0,
    1,
    2,
    0,
    3,
    2,
    0,
    0,
    4,
    0,
    0,
    0,
    0,
    0,
    0,
    2,
    2,
    0,
    3,
    0,
    2,
    0,
    0,
    0,
    0,
    0,
    0,
    0,
    0,
    0,
    0,
    0,
    0,
    0,
    0,
    3,
    2,
    1,
    0,
    2,
    2,
    2,
    0,
    0,
    0,
    0,
    0,
    1,
    1,
    1,
    0,
    0,
    0
  ],
  "per_tier": [
    {
      "tier": 1,
      "scenario_count": 3,
      "booking_completion_rate": 0.6666666666666666,
      "median_turns": 2,
      "median_efficiency_ratio": 1.0,
      "faithful_rate": 1.0,
      "mean_parse_accuracy": 0.8333333333333334,
      "mean_simulated_latency_ms": 7873.13287810099,
      "mean_dead_end_turns": 4
    },
    {
      "tier": 2,
      "scenario_count": 3,
      "booking_completion_rate": 0.6666666666666666,
      "median_turns": 4,
      "median_efficiency_ratio": 3.0,
      "faithful_rate": 1.0,
      "mean_parse_accuracy": 0.5,
      "mean_simulated_latency_ms": 6257.011775446996,
      "mean_dead_end_turns": 4
    },
    {
      "tier": 3,
      "scenario_count": 3,
      "booking_completion_rate": 1.0,
      "median_turns": 3,
      "median_efficiency_ratio": 1.5,
      "faithful_rate": 1.0,
      "mean_parse_accuracy": 0.5,
      "mean_simulated_latency_ms": 2934.5018122482165,
      "mean_dead_end_turns": 0.6666666666666666
    },
    {
      "tier": 4,
      "scenario_count": 3,
      "booking_completion_rate": 0.3333333333333333,
      "median_turns": 9,
      "median_efficiency_ratio": 6.5,
      "faithful_rate": 1.0,
      "mean_parse_accuracy": 0.16666666666666666,
      "mean_simulated_latency_ms": 67564.80097266442,
      "mean_dead_end_turns": 7
    },
    {
      "tier": 5,
      "scenario_count": 3,
      "booking_completion_rate": 1.0,
      "median_turns": 8,
      "median_efficiency_ratio": 1.6666666666666667,
      "faithful_rate": 1.0,
      "mean_parse_accuracy": 0.16666666666666666,
      "mean_simulated_latency_ms": 11756.555938189784,
      "mean_dead_end_turns": 4
    },
    {
      "tier": 6,
      "scenario_count": 3,
      "booking_completion_rate": 0.6666666666666666,
      "median_turns": 5,
      "median_efficiency_ratio": 2.0,
      "faithful_rate": 1.0,
      "mean_parse_accuracy": 0.16666666666666666,
      "mean_simulated_latency_ms": 11045.562384098555,
      "mean_dead_end_turns": 3
    },
    {
      "tier": 7,
      "scenario_count": 3,
      "booking_completion_rate": 0.0,
      "median_turns": 3,
      "median_efficiency_ratio": null,
      "faithful_rate": 1.0,
      "mean_parse_accuracy": null,
      "mean_simulated_latency_ms": 1617.7250943677425,
      "mean_dead_end_turns": 0
    }
  ],
  "unsupported_facts_total": 0,
  "faithful_count": 21,
  "unfaithful_count": 0,
  "dead_end_turns_total": 68,
  "mean_dead_end_turns": 3.238095238095238
}
