{
  "run_id": "20260602_213224__baseline__a00c977__smoke",
  "stage": "baseline",
  "judge_model": "gemini-2.5-flash",
  "judge_temperature": 0.3,
  "judge_reps": 1,
  "record_count": 14,
  "scored_count": 13,
  "failed_count": 1,
  "mean_temporal": 4.384615384615385,
  "mean_negotiation": 3.7777777777777777,
  "mean_efficiency": 3.923076923076923,
  "mean_customer_experience": 3.8181818181818183,
  "mean_recovery": 3.8333333333333335,
  "std_temporal": 0.9607689228305228,
  "std_negotiation": 1.3017082793177757,
  "std_efficiency": 1.3204505835470495,
  "std_customer_experience": 1.4012980994907414,
  "std_recovery": 1.602081978759722,
  "std_within_temporal": null,
  "std_within_negotiation": null,
  "std_within_efficiency": null,
  "std_within_customer_experience": null,
  "std_within_recovery": null
}
