{
  "run_id": "20260607_155818__expansion__f4416e8__smoke",
  "stage": "expansion",
  "git_commit": "f4416e85faa94b53b668192d39c8fcd7802f5c7b",
  "change_note": "baseline + executor expansion (NLP off)",
  "timestamp": "2026-06-07T16:07:09.959815Z",
  "scenario_count": 14,
  "record_count": 14,
  "booking_completion_rate": 0.6428571428571429,
  "median_turns": 3.0,
  "median_efficiency_ratio": 2.25,
  "faithful_rate": 0.9285714285714286,
  "mean_total_simulated_latency_ms": 8494.040188309715,
  "mean_parse_accuracy": 0.4166666666666667,
  "turn_counts": [
    2,
    2,
    2,
    12,
    3,
    3,
    2,
    12,
    12,
    9,
    3,
    4,
    3,
    3
  ],
  "efficiency_ratios": [
    1.0,
    1.0,
    2.0,
    30.0,
    1.5,
    1.5,
    0.5,
    7.5,
    3.6666666666666665,
    3.3333333333333335,
    2.5,
    4.5
  ],
  "simulated_latencies_ms": [
    2586.6566726214087,
    1263.134284054653,
    3058.216226593036,
    31271.083633500653,
    4652.284942913367,
    4775.890884685743,
    3399.842392247194,
    19810.765541379194,
    12793.247908825715,
    13366.903599291967,
    7854.205812033605,
    13692.898135335163,
    391.43260285431023,
    0.0
  ],
  "parse_accuracy_scores": [
    1.0,
    1.0,
    0.5,
    0.0,
    0.5,
    1.0,
    0.5,
    0.0,
    0.0,
    0.5,
    0.0,
    0.0
  ],
  "slots_presented_flat": [
    1,
    1,
    1,
    1,
    5,
    2,
    0,
    0,
    0,
    0,
    0,
    0,
    0,
    0,
    0,
    0,
    0,
    0,
    6,
    5,
    2,
    8,
    8,
    2,
    2,
    2,
    0,
    2,
    1,
    1,
    1,
    2,
    2,
    2,
    0,
    2,
    0,
    0,
    0,
    0,
    2,
    0,
    0,
    0,
    0,
    0,
    0,
    0,
    0,
    0,
    3,
    0,
    4,
    0,
    0,
    0,
    18,
    2,
    2,
    6,
    0,
    2,
    0,
    3,
    3,
    3,
    0,
    0,
    0,
    0,
    0,
    0
  ],
  "per_tier": [
    {
      "tier": 1,
      "scenario_count": 2,
      "booking_completion_rate": 1.0,
      "median_turns": 2.0,
      "median_efficiency_ratio": 1.0,
      "faithful_rate": 1.0,
      "mean_parse_accuracy": 1.0,
      "mean_simulated_latency_ms": 1924.895478338031,
      "mean_dead_end_turns": 0
    },
    {
      "tier": 2,
      "scenario_count": 2,
      "booking_completion_rate": 0.5,
      "median_turns": 7.0,
      "median_efficiency_ratio": 16.0,
      "faithful_rate": 1.0,
      "mean_parse_accuracy": 0.25,
      "mean_simulated_latency_ms": 17164.649930046846,
      "mean_dead_end_turns": 5
    },
    {
      "tier": 3,
      "scenario_count": 2,
      "booking_completion_rate": 1.0,
      "median_turns": 3.0,
      "median_efficiency_ratio": 1.5,
      "faithful_rate": 1.0,
      "mean_parse_accuracy": 0.75,
      "mean_simulated_latency_ms": 4714.087913799554,
      "mean_dead_end_turns": 0
    },
    {
      "tier": 4,
      "scenario_count": 2,
      "booking_completion_rate": 0.5,
      "median_turns": 7.0,
      "median_efficiency_ratio": 4.0,
      "faithful_rate": 1.0,
      "mean_parse_accuracy": 0.25,
      "mean_simulated_latency_ms": 11605.303966813193,
      "mean_dead_end_turns": 0.5
    },
    {
      "tier": 5,
      "scenario_count": 2,
      "booking_completion_rate": 0.5,
      "median_turns": 10.5,
      "median_efficiency_ratio": 3.5,
      "faithful_rate": 0.5,
      "mean_parse_accuracy": 0.25,
      "mean_simulated_latency_ms": 13080.075754058842,
      "mean_dead_end_turns": 4
    },
    {
      "tier": 6,
      "scenario_count": 2,
      "booking_completion_rate": 1.0,
      "median_turns": 3.5,
      "median_efficiency_ratio": 3.5,
      "faithful_rate": 1.0,
      "mean_parse_accuracy": 0.0,
      "mean_simulated_latency_ms": 10773.551973684383,
      "mean_dead_end_turns": 0.5
    },
    {
      "tier": 7,
      "scenario_count": 2,
      "booking_completion_rate": 0.0,
      "median_turns": 3.0,
      "median_efficiency_ratio": null,
      "faithful_rate": 1.0,
      "mean_parse_accuracy": null,
      "mean_simulated_latency_ms": 195.71630142715512,
      "mean_dead_end_turns": 0
    }
  ],
  "unsupported_facts_total": 14,
  "faithful_count": 13,
  "unfaithful_count": 1,
  "dead_end_turns_total": 20,
  "mean_dead_end_turns": 1.4285714285714286
}
