{
  "run_id": "20260524_221836__baseline__a00c977__smoke",
  "stage": "baseline",
  "judge_model": "gemini-2.5-flash",
  "judge_temperature": 0.3,
  "record_count": 14,
  "scored_count": 14,
  "failed_count": 0,
  "mean_temporal": 3.4761904761904763,
  "mean_negotiation": 3.4047619047619047,
  "mean_efficiency": 3.142857142857143,
  "mean_recovery": 3.5555555555555554,
  "std_temporal": 1.2923432157225718,
  "std_negotiation": 1.060591731052421,
  "std_efficiency": 1.2604960032526988,
  "std_recovery": 0.7838233761296739
}
