{
  "run_id": "20260607_014848__nlp_arm2__e1626fa__representative_reduced",
  "stage": "nlp_arm2",
  "git_commit": "e1626fa4f1e33c633e84186a822bc2d5c6e78d0a",
  "change_note": "Arm 2 (local Llama-3.2-3B) reduced representative vs corrected baseline e1626fa",
  "timestamp": "2026-06-07T12:06:43.785937Z",
  "scenario_count": 60,
  "record_count": 120,
  "booking_completion_rate": 0.5416666666666666,
  "median_turns": 6.0,
  "median_efficiency_ratio": 2.5,
  "faithful_rate": 0.9583333333333334,
  "mean_total_simulated_latency_ms": 23223.303911409304,
  "mean_parse_accuracy": 0.48,
  "turn_counts": [
    3,
    3,
    2,
    2,
    2,
    2,
    12,
    3,
    2,
    2,
    12,
    12,
    12,
    12,
    12,
    12,
    5,
    10,
    3,
    12,
    12,
    12,
    12,
    12,
    4,
    4,
    4,
    4,
    12,
    12,
    10,
    5,
    4,
    4,
    12,
    12,
    5,
    4,
    12,
    9,
    12,
    12,
    3,
    5,
    3,
    3,
    4,
    4,
    2,
    3,
    12,
    6,
    5,
    6,
    6,
    9,
    10,
    6,
    12,
    12,
    12,
    5,
    6,
    12,
    12,
    10,
    5,
    5,
    12,
    9,
    12,
    11,
    12,
    9,
    9,
    10,
    7,
    6,
    6,
    5,
    11,
    12,
    6,
    5,
    2,
    3,
    5,
    12,
    12,
    12,
    4,
    6,
    12,
    12,
    6,
    9,
    5,
    5,
    3,
    3,
    5,
    4,
    5,
    6,
    5,
    4,
    5,
    4,
    4,
    4,
    6,
    9,
    7,
    5,
    4,
    4,
    3,
    5,
    7,
    3
  ],
  "efficiency_ratios": [
    2.0,
    2.0,
    1.0,
    1.0,
    1.0,
    1.0,
    10.0,
    2.0,
    1.0,
    1.0,
    12.0,
    12.0,
    30.0,
    1.0,
    12.0,
    12.0,
    3.0,
    87.0,
    2.0,
    12.0,
    2.0,
    51.5,
    9.5,
    3.0,
    1.5,
    1.5,
    1.5,
    1.5,
    6.5,
    62.0,
    28.0,
    2.0,
    1.5,
    1.5,
    6.5,
    13.5,
    2.0,
    1.5,
    6.0,
    6.5,
    63.0,
    8.5,
    1.5,
    2.0,
    0.5,
    0.5,
    2.0,
    1.5,
    0.5,
    1.0,
    10.0,
    2.0,
    2.0,
    2.0,
    3.5,
    3.5,
    4.0,
    2.5,
    6.5,
    6.0,
    2.6666666666666665,
    1.3333333333333333,
    2.3333333333333335,
    48.666666666666664,
    4.666666666666667,
    3.3333333333333335,
    1.3333333333333333,
    0.6666666666666666,
    3.3333333333333335,
    18.333333333333332,
    3.6666666666666665,
    65.0,
    4.0,
    3.0,
    7.0,
    5.333333333333333,
    2.0,
    3.3333333333333335,
    1.3333333333333333,
    1.3333333333333333,
    7.5,
    8.0,
    2.0,
    1.5,
    0.5,
    1.0,
    2.5,
    3.5,
    4.0,
    107.5,
    1.0,
    2.5,
    6.5,
    10.5,
    2.5,
    5.0,
    2.0,
    2.5,
    0.5,
    0.5
  ],
  "simulated_latencies_ms": [
    2955.022581325335,
    2198.7587050288153,
    2023.6511979100273,
    2170.212748649562,
    1344.2314089213144,
    1389.756652045079,
    9035.238526789406,
    2291.8839069736296,
    2011.8940638150682,
    2062.1132764201243,
    11577.128767560436,
    11823.676494356168,
    51100.35582218281,
    1852.437215862873,
    10749.853808800994,
    10648.25137260851,
    3559.00957962746,
    82372.9789790081,
    2163.7998066499486,
    10727.529617049644,
    5436.395674507638,
    187079.33339835252,
    20097.205519073166,
    5424.697962944632,
    3242.8520990520997,
    3039.106993573195,
    3208.2264603433796,
    3011.732634499477,
    12983.309871658199,
    224320.09763010746,
    98537.18289403176,
    3798.108192159558,
    3768.250226940279,
    3712.615778064178,
    12881.794998798521,
    36348.51241852617,
    3892.423008385892,
    3145.5676371580817,
    10988.09263865478,
    17731.924729050133,
    231549.35904778243,
    19422.96740282525,
    3894.850724950224,
    4906.1795941028295,
    2132.241417755276,
    2004.7083964065084,
    4106.968775566808,
    3207.9858523397033,
    1307.452560883347,
    2126.3370124573307,
    18855.168847981025,
    4745.569589549768,
    4909.120968752879,
    5193.230539023791,
    6863.584792967776,
    7700.846147355072,
    8915.668307315378,
    5677.430340035205,
    17751.025269301274,
    14362.30860028156,
    6958.059993401514,
    3949.7890994277877,
    9826.168290449627,
    299676.0998818443,
    13113.811306320627,
    12175.206784513686,
    4993.102768760186,
    3467.2490143319137,
    11297.430902890012,
    98755.74071805319,
    10439.106960050236,
    361512.11455259426,
    12690.741419922646,
    9227.539739224883,
    26845.245892489987,
    15595.101946459841,
    5839.547969855451,
    14654.385973373857,
    4650.7787619779565,
    3979.6250960034045,
    18344.913642061427,
    19199.2612796729,
    4739.329843801003,
    4133.6404065078505,
    2055.799923681213,
    1978.5881854856862,
    5313.546833892424,
    7258.959791599415,
    11709.475063056161,
    403006.78177255334,
    2618.8011257500566,
    5595.735031215589,
    14123.840832780861,
    21668.579848789916,
    5510.236027404293,
    9505.860734638069,
    4819.973986929571,
    5610.1259842490535,
    2091.739007898229,
    2183.907232383129,
    3587.774856391907,
    2332.1900087003546,
    6515.598292045807,
    3582.9162933783996,
    2502.0685484329774,
    2530.6454945384057,
    734.7174138236899,
    913.6237226616063,
    1673.5947106404678,
    1762.3882352952273,
    896.203239596574,
    8370.749318697988,
    2018.5089325363374,
    2498.800392831084,
    2180.7211066006403,
    2230.5794099961017,
    0.0,
    2778.32234731433,
    1863.8286861839792,
    369.0752480550401
  ],
  "parse_accuracy_scores": [
    0.5,
    0.5,
    0.5,
    0.5,
    1.0,
    1.0,
    0.0,
    0.0,
    0.5,
    0.5,
    1.0,
    1.0,
    0.0,
    0.0,
    1.0,
    1.0,
    1.0,
    1.0,
    1.0,
    1.0,
    0.5,
    0.5,
    0.0,
    0.0,
    0.5,
    0.5,
    0.5,
    0.5,
    1.0,
    1.0,
    0.0,
    1.0,
    0.5,
    1.0,
    0.0,
    0.0,
    1.0,
    1.0,
    0.0,
    0.0,
    0.0,
    0.0,
    0.0,
    0.0,
    0.5,
    1.0,
    0.0,
    0.0,
    1.0,
    0.5,
    1.0,
    1.0,
    1.0,
    1.0,
    0.0,
    0.0,
    1.0,
    1.0,
    0.0,
    0.0,
    0.5,
    1.0,
    0.5,
    0.5,
    0.0,
    0.0,
    0.0,
    0.0,
    0.0,
    0.0,
    0.5,
    0.5,
    0.0,
    0.0,
    0.0,
    0.0,
    1.0,
    1.0,
    1.0,
    1.0,
    0.0,
    0.0,
    1.0,
    1.0,
    1.0,
    0.5,
    0.5,
    0.5,
    0.0,
    0.0,
    1.0,
    0.5,
    0.0,
    0.0,
    0.0,
    0.0,
    1.0,
    1.0,
    0.5,
    0.5
  ],