{
  "run_id": "20260610_192943__weak_nlp_arm1__e4073f5__smoke",
  "stage": "weak_nlp_arm1",
  "git_commit": "e4073f5945cce7c3a614c2b941021c19ad944135",
  "change_note": "Weak-agent smoke: Arm 1 NLP (spaCy+dateparser) hints into flash-lite agent, thinking off",
  "timestamp": "2026-06-10T19:35:22.380961Z",
  "scenario_count": 14,
  "record_count": 14,
  "booking_completion_rate": 0.42857142857142855,
  "median_turns": 7.5,
  "median_efficiency_ratio": 2.25,
  "faithful_rate": 1.0,
  "mean_total_simulated_latency_ms": 5578.325945951892,
  "mean_parse_accuracy": 0.4583333333333333,
  "turn_counts": [
    12,
    3,
    12,
    12,
    7,
    12,
    1,
    12,
    12,
    8,
    3,
    7,
    7,
    3
  ],
  "efficiency_ratios": [
    8.0,
    1.0,
    11.0,
    5.0,
    2.0,
    3.5,
    0.5,
    2.5,
    1.3333333333333333,
    2.0,
    0.5,
    3.0
  ],
  "simulated_latencies_ms": [
    7492.794356100068,
    1765.2635116528277,
    10060.855273070974,
    5027.808725512918,
    5511.811985823413,
    7332.134308793443,
    2703.5385938713894,
    12421.28348185187,
    4680.505486027551,
    6484.047805680258,
    1720.4861183145058,
    9828.654501703499,
    1913.7449345817179,
    1153.6341603420506
  ],
  "parse_accuracy_scores": [
    1.0,
    1.0,
    0.5,
    0.0,
    0.5,
    0.5,
    0.5,
    0.0,
    1.0,
    0.5,
    0.0,
    0.0
  ],
  "slots_presented_flat": [
    0,
    0,
    0,
    0,
    0,
    0,
    0,
    0,
    0,
    0,
    0,
    0,
    0,
    2,
    2,
    0,
    0,
    0,
    0,
    0,
    0,
    0,
    0,
    0,
    0,
    0,
    0,
    0,
    0,
    0,
    0,
    0,
    0,
    0,
    0,
    0,
    0,
    0,
    0,
    0,
    0,
    0,
    0,
    0,
    0,
    0,
    0,
    0,
    0,
    0,
    0,
    0,
    0,
    0,
    0,
    0,
    0,
    0,
    2,
    0,
    0,
    0,
    1,
    1,
    1,
    1,
    1,
    1,
    2,
    2,
    2,
    0,
    0,
    0,
    0,
    0,
    0,
    0,
    1,
    1,
    0,
    0,
    0,
    0,
    0,
    0,
    3,
    1,
    2,
    2,
    2,
    0,
    0,
    0,
    0,
    0,
    0,
    0,
    0,
    0,
    0,
    0,
    0,
    0,
    0,
    0,
    0,
    0,
    0,
    0,
    0
  ],
  "per_tier": [
    {
      "tier": 1,
      "scenario_count": 2,
      "booking_completion_rate": 0.5,
      "median_turns": 7.5,
      "median_efficiency_ratio": 4.5,
      "faithful_rate": 1.0,
      "mean_parse_accuracy": 1.0,
      "mean_simulated_latency_ms": 4629.028933876448,
      "mean_dead_end_turns": 3.5
    },
    {
      "tier": 2,
      "scenario_count": 2,
      "booking_completion_rate": 0.0,
      "median_turns": 12.0,
      "median_efficiency_ratio": 8.0,
      "faithful_rate": 1.0,
      "mean_parse_accuracy": 0.25,
      "mean_simulated_latency_ms": 7544.331999291946,
      "mean_dead_end_turns": 8
    },
    {
      "tier": 3,
      "scenario_count": 2,
      "booking_completion_rate": 0.5,
      "median_turns": 9.5,
      "median_efficiency_ratio": 2.75,
      "faithful_rate": 1.0,
      "mean_parse_accuracy": 0.5,
      "mean_simulated_latency_ms": 6421.973147308428,
      "mean_dead_end_turns": 4.5
    },
    {
      "tier": 4,
      "scenario_count": 2,
      "booking_completion_rate": 0.5,
      "median_turns": 6.5,
      "median_efficiency_ratio": 1.5,
      "faithful_rate": 1.0,
      "mean_parse_accuracy": 0.25,
      "mean_simulated_latency_ms": 7562.41103786163,
      "mean_dead_end_turns": 0.5
    },
    {
      "tier": 5,
      "scenario_count": 2,
      "booking_completion_rate": 0.5,
      "median_turns": 10.0,
      "median_efficiency_ratio": 1.6666666666666665,
      "faithful_rate": 1.0,
      "mean_parse_accuracy": 0.75,
      "mean_simulated_latency_ms": 5582.2766458539045,
      "mean_dead_end_turns": 2
    },
    {
      "tier": 6,
      "scenario_count": 2,
      "booking_completion_rate": 1.0,
      "median_turns": 5.0,
      "median_efficiency_ratio": 1.75,
      "faithful_rate": 1.0,
      "mean_parse_accuracy": 0.0,
      "mean_simulated_latency_ms": 5774.570310009002,
      "mean_dead_end_turns": 2
    },
    {
      "tier": 7,
      "scenario_count": 2,
      "booking_completion_rate": 0.0,
      "median_turns": 5.0,
      "median_efficiency_ratio": null,
      "faithful_rate": 1.0,
      "mean_parse_accuracy": null,
      "mean_simulated_latency_ms": 1533.689547461884,
      "mean_dead_end_turns": 0.5
    }
  ],
  "unsupported_facts_total": 0,
  "faithful_count": 14,
  "unfaithful_count": 0,
  "dead_end_turns_total": 42,
  "mean_dead_end_turns": 3
}
