{
  "run_id": "20260606_234404__nlp_arm3__e1626fa__representative_reduced",
  "stage": "nlp_arm3",
  "judge_model": "gemini-2.5-flash",
  "judge_temperature": 0.3,
  "judge_reps": 1,
  "record_count": 120,
  "scored_count": 120,
  "failed_count": 0,
  "mean_temporal": 4.583333333333333,
  "mean_negotiation": 3.147727272727273,
  "mean_efficiency": 3.6166666666666667,
  "mean_customer_experience": 3.36,
  "mean_recovery": 3.456140350877193,
  "std_temporal": 0.7512827499071992,
  "std_negotiation": 1.0884954577518913,
  "std_efficiency": 1.182387083693946,
  "std_customer_experience": 1.3745155253007981,
  "std_recovery": 1.2111118775529677,
  "std_within_temporal": null,
  "std_within_negotiation": null,
  "std_within_efficiency": null,
  "std_within_customer_experience": null,
  "std_within_recovery": null
}
