{
  "run_id": "20260607_164034__expansion__927f9c2__representative_reduced",
  "stage": "expansion",
  "git_commit": "927f9c27346bb3f6216daf31dfdf09c6e343cd45",
  "change_note": "Expansion policy (executor window-expansion, NLP off) vs corrected baseline e1626fa",
  "timestamp": "2026-06-07T18:09:29.082539Z",
  "scenario_count": 60,
  "record_count": 120,
  "booking_completion_rate": 0.65,
  "median_turns": 4.0,
  "median_efficiency_ratio": 2.5,
  "faithful_rate": 0.9166666666666666,
  "mean_total_simulated_latency_ms": 13012.353231647223,
  "mean_parse_accuracy": 0.45,
  "turn_counts": [
    3,
    2,
    3,
    2,
    2,
    1,
    12,
    12,
    2,
    2,
    2,
    3,
    12,
    12,
    12,
    12,
    3,
    3,
    12,
    12,
    12,
    12,
    12,
    12,
    4,
    3,
    4,
    4,
    4,
    3,
    3,
    4,
    3,
    3,
    6,
    3,
    3,
    3,
    4,
    4,
    4,
    5,
    3,
    3,
    2,
    2,
    3,
    12,
    3,
    2,
    5,
    4,
    5,
    6,
    5,
    4,
    4,
    3,
    12,
    12,
    4,
    10,
    12,
    12,
    12,
    12,
    7,
    5,
    6,
    4,
    9,
    7,
    5,
    5,
    9,
    6,
    8,
    8,
    5,
    8,
    12,
    12,
    4,
    3,
    3,
    3,
    3,
    4,
    11,
    12,
    4,
    4,
    5,
    4,
    4,
    5,
    4,
    4,
    3,
    3,
    4,
    6,
    4,
    5,
    10,
    4,
    4,
    4,
    5,
    5,
    3,
    12,
    4,
    3,
    7,
    4,
    4,
    3,
    4,
    3
  ],
  "efficiency_ratios": [
    1.0,
    2.0,
    1.0,
    1.0,
    1.0,
    1.0,
    12.0,
    11.0,
    1.0,
    1.0,
    2.0,
    2.0,
    8.0,
    6.0,
    18.0,
    15.0,
    1.0,
    2.0,
    14.0,
    14.0,
    8.5,
    4.5,
    6.5,
    10.0,
    1.5,
    1.5,
    1.5,
    1.5,
    1.5,
    1.5,
    3.0,
    4.0,
    1.5,
    1.5,
    4.0,
    5.0,
    2.5,
    1.5,
    5.0,
    6.0,
    4.0,
    2.5,
    2.0,
    2.0,
    0.5,
    0.5,
    1.0,
    16.5,
    0.5,
    0.5,
    1.5,
    1.5,
    1.5,
    2.5,
    3.0,
    2.5,
    2.5,
    1.5,
    11.0,
    24.0,
    3.6666666666666665,
    6.0,
    7.0,
    9.666666666666666,
    8.666666666666666,
    9.666666666666666,
    2.6666666666666665,
    2.3333333333333335,
    2.6666666666666665,
    2.3333333333333335,
    4.666666666666667,
    4.0,
    3.0,
    1.0,
    6.0,
    3.3333333333333335,
    4.666666666666667,
    6.0,
    1.3333333333333333,
    3.3333333333333335,
    8.0,
    75.0,
    1.5,
    1.5,
    1.5,
    1.5,
    2.5,
    1.5,
    5.5,
    7.0,
    3.5,
    2.5,
    4.0,
    3.5,
    2.5,
    3.0,
    1.5,
    1.5,
    0.5,
    0.5
  ],
  "simulated_latencies_ms": [
    2128.058290416649,
    3529.5069986671065,
    2347.419185832788,
    1273.5013502573524,
    1989.3196878738663,
    1929.0836593377076,
    15726.67976883448,
    15841.345939926226,
    1344.7380585799592,
    1991.234072966739,
    2128.13781859677,
    2276.845566245982,
    9786.717471928638,
    7729.048940029317,
    19964.66020707497,
    20268.77437182739,
    1429.200231496924,
    2143.6941598818507,
    17978.883390152256,
    18379.839719897143,
    24315.683325239617,
    12435.794404856102,
    16972.225550192736,
    23200.81420607723,
    4315.05920362696,
    4926.303451808043,
    4203.443041433986,
    3929.0024921232307,
    4483.3949407507125,
    3560.698789941915,
    9938.724155535096,
    12183.456515178648,
    4171.322160240962,
    4850.517140325057,
    11828.116224220492,
    15645.103486014857,
    6198.222327635962,
    4864.5809089959375,
    13758.107327911792,
    15301.766843162866,
    10815.03166592566,
    8370.145082617288,
    4378.960983730289,
    6121.558315419841,
    2057.0048603229734,
    2569.8051565401083,
    3121.0317739801962,
    35578.560824385815,
    2195.625048866458,
    2065.431119393127,
    4678.617542971938,
    4472.794593593003,
    4616.986543409208,
    6409.313706461342,
    9621.264948337537,
    8179.136791950779,
    6252.380933360362,
    3883.910940947264,
    31642.878230534374,
    85001.57007548066,
    13650.723306370679,
    23703.771049014023,
    27450.066122574346,
    38109.37267469307,
    28613.163445634447,
    30657.166951664585,
    9365.512411101336,
    9317.073749195022,
    10017.349843770253,
    8779.8561587434,
    16324.786721598382,
    14559.862077227079,
    12477.252354536584,
    4659.523769088741,
    23743.648656272726,
    13990.247100310673,
    16901.84689930483,
    22845.30104499744,
    5798.476121371517,
    12429.588770198765,
    19742.458579143582,
    277420.82172697986,
    4740.342227278087,
    4414.254566644164,
    4308.787367500553,
    4177.269477688554,
    8092.779868911213,
    4277.001081930564,
    15075.699821051394,
    19176.860889913984,
    11486.64677375642,
    6317.035721288914,
    12332.008808488317,
    11410.384267790894,
    6073.727686614794,
    7745.455427404504,
    4451.016992909508,
    4235.636996475851,
    2105.4189310283286,
    1701.7923251718594,
    9573.465471194879,
    9634.488157797914,
    10167.763160200548,
    9646.174892885943,
    27175.163827773624,
    8054.675390069807,
    794.526922886317,
    858.3672573512524,
    6993.959456384984,
    7369.362009244021,
    0.0,
    64716.98775420684,
    1335.8541013711017,
    779.7709687408683,
    20232.7740661621,
    8044.030851747448,
    9730.262908869541,
    0.0,
    393.73731181572185,
    0.0
  ],
  "parse_accuracy_scores": [
    1.0,
    0.5,
    0.5,
    1.0,
    1.0,
    1.0,
    0.0,
    0.0,
    0.5,
    0.5,
    1.0,
    1.0,
    0.0,
    0.0,
    1.0,
    1.0,
    0.5,
    1.0,
    0.0,
    0.0,
    0.5,
    1.0,
    0.0,
    0.0,
    0.5,
    0.5,
    0.5,
    0.5,
    1.0,
    1.0,
    0.0,
    0.0,
    1.0,
    1.0,
    0.0,
    0.0,
    1.0,
    0.5,
    0.0,
    0.0,
    0.0,
    0.5,
    0.0,
    0.0,
    1.0,
    0.5,
    0.5,
    0.0,
    1.0,
    1.0,
    1.0,
    0.5,
    1.0,
    1.0,
    0.0,
    0.0,
    0.5,
    0.5,
    0.0,
    0.0,
    1.0,
    1.0,
    0.5,
    0.5,
    0.0,
    0.0,
    0.0,
    0.0,
    0.5,
    0.5,
    0.0,
    0.5,
    0.0,
    0.0,
    0.0,
    0.0,
    1.0,
    0.5,
    1.0,
    1.0,
    0.0,
    0.0,
    1.0,
    1.0,
    0.5,
    0.5,
    0.0,
    0.0,
    0.0,
    0.0,
    0.0,
    0.5,
    0.0,
    0.0,
    1.0,
    0.5,
    0.5,
    1.0,
    0.5,
    0.5
  ],