{
  "run_id": "20260607_154616__baseline__f4416e8__smoke",
  "stage": "baseline",
  "git_commit": "f4416e85faa94b53b668192d39c8fcd7802f5c7b",
  "change_note": "expansion flag OFF coexistence (smoke)",
  "timestamp": "2026-06-07T15:54:34.694821Z",
  "scenario_count": 14,
  "record_count": 14,
  "booking_completion_rate": 0.6428571428571429,
  "median_turns": 5.0,
  "median_efficiency_ratio": 2.6666666666666665,
  "faithful_rate": 1.0,
  "mean_total_simulated_latency_ms": 6461.8412564845885,
  "mean_parse_accuracy": 0.4166666666666667,
  "turn_counts": [
    2,
    2,
    12,
    12,
    10,
    4,
    2,
    12,
    8,
    8,
    3,
    6,
    3,
    3
  ],
  "efficiency_ratios": [
    1.0,
    1.0,
    12.0,
    15.0,
    4.5,
    1.5,
    0.5,
    5.5,
    2.6666666666666665,
    2.6666666666666665,
    0.5,
    3.5
  ],
  "simulated_latencies_ms": [
    2138.396431930085,
    2389.8107426751153,
    11629.876359958347,
    14152.923966869072,
    11209.65516782912,
    4130.545270975541,
    3369.797337945453,
    9955.036143106687,
    10567.555064176895,
    9478.859014180447,
    1983.6905144172874,
    8758.078555904722,
    701.5530208154623,
    0.0
  ],
  "parse_accuracy_scores": [
    1.0,
    0.5,
    0.5,
    0.0,
    1.0,
    1.0,
    0.5,
    0.0,
    0.0,
    0.5,
    0.0,
    0.0
  ],
  "slots_presented_flat": [
    4,
    2,
    2,
    2,
    1,
    1,
    1,
    1,
    1,
    1,
    1,
    1,
    1,
    1,
    1,
    1,
    0,
    0,
    0,
    0,
    0,
    0,
    0,
    0,
    0,
    0,
    0,
    0,
    1,
    0,
    0,
    0,
    0,
    0,
    0,
    0,
    2,
    2,
    3,
    2,
    2,
    2,
    2,
    2,
    1,
    1,
    2,
    2,
    1,
    1,
    1,
    1,
    2,
    2,
    1,
    2,
    0,
    0,
    0,
    0,
    1,
    1,
    2,
    2,
    0,
    0,
    0,
    1,
    0,
    0,
    2,
    2,
    0,
    2,
    2,
    0,
    2,
    2,
    0,
    3,
    2,
    0,
    0,
    0,
    0,
    0,
    0
  ],
  "per_tier": [
    {
      "tier": 1,
      "scenario_count": 2,
      "booking_completion_rate": 1.0,
      "median_turns": 2.0,
      "median_efficiency_ratio": 1.0,
      "faithful_rate": 1.0,
      "mean_parse_accuracy": 0.75,
      "mean_simulated_latency_ms": 2264.1035873026003,
      "mean_dead_end_turns": 0
    },
    {
      "tier": 2,
      "scenario_count": 2,
      "booking_completion_rate": 0.0,
      "median_turns": 12.0,
      "median_efficiency_ratio": 13.5,
      "faithful_rate": 1.0,
      "mean_parse_accuracy": 0.25,
      "mean_simulated_latency_ms": 12891.40016341371,
      "mean_dead_end_turns": 6
    },
    {
      "tier": 3,
      "scenario_count": 2,
      "booking_completion_rate": 1.0,
      "median_turns": 7.0,
      "median_efficiency_ratio": 3.0,
      "faithful_rate": 1.0,
      "mean_parse_accuracy": 1.0,
      "mean_simulated_latency_ms": 7670.10021940233,
      "mean_dead_end_turns": 3.5
    },
    {
      "tier": 4,
      "scenario_count": 2,
      "booking_completion_rate": 0.5,
      "median_turns": 7.0,
      "median_efficiency_ratio": 3.0,
      "faithful_rate": 1.0,
      "mean_parse_accuracy": 0.25,
      "mean_simulated_latency_ms": 6662.41674052607,
      "mean_dead_end_turns": 0
    },
    {
      "tier": 5,
      "scenario_count": 2,
      "booking_completion_rate": 1.0,
      "median_turns": 8.0,
      "median_efficiency_ratio": 2.6666666666666665,
      "faithful_rate": 1.0,
      "mean_parse_accuracy": 0.25,
      "mean_simulated_latency_ms": 10023.207039178671,
      "mean_dead_end_turns": 4
    },
    {
      "tier": 6,
      "scenario_count": 2,
      "booking_completion_rate": 1.0,
      "median_turns": 4.5,
      "median_efficiency_ratio": 2.0,
      "faithful_rate": 1.0,
      "mean_parse_accuracy": 0.0,
      "mean_simulated_latency_ms": 5370.884535161004,
      "mean_dead_end_turns": 1
    },
    {
      "tier": 7,
      "scenario_count": 2,
      "booking_completion_rate": 0.0,
      "median_turns": 3.0,
      "median_efficiency_ratio": null,
      "faithful_rate": 1.0,
      "mean_parse_accuracy": null,
      "mean_simulated_latency_ms": 350.77651040773117,
      "mean_dead_end_turns": 0
    }
  ],
  "unsupported_facts_total": 0,
  "faithful_count": 14,
  "unfaithful_count": 0,
  "dead_end_turns_total": 29,
  "mean_dead_end_turns": 2.0714285714285716
}
